CompanyId,Quarter Timestamp,Estimated This Quarter,Estimated Last Quarter,Estimated Half Year Ago,Estimated Three Quarters Ago,Estimated One Year Ago,Ground Truth
431,8029,1.0,,,,,3.4
552,8029,0.9,,,,,3.4
510,8029,1.4,,,,,3.4
512,8029,3.2,,,,,3.4
516,8029,0.5488,,,,,3.4
518,8029,2.425,,,,,3.4
519,8029,1.55,,,,,3.4
483,8029,1.0,,,,,3.4
484,8029,2.8,,,,,3.4
520,8029,1.7,,,,,3.4
521,8029,2.0,,,,,3.4
527,8029,1.1,,,,,3.4
528,8029,2.7556,,,,,3.4
20,8029,2.7,,,,,3.4
411,8029,1.7,,,,,3.4
456,8029,2.25,,,,,3.4
535,8029,2.0,,,,,3.4
463,8029,1.2,,,,,3.4
540,8029,2.7,,,,,3.4
420,8029,1.9,,,,,3.4
541,8029,2.6,,,,,3.4
421,8029,-0.2,,,,,3.4
544,8029,2.5,,,,,3.4
424,8029,0.6,,,,,3.4
546,8029,1.8,,,,,3.4
426,8029,1.7,,,,,3.4
548,8029,2.69,,,,,3.4
84,8029,2.0,,,,,3.4
507,8029,1.5,,,,,3.4
508,8029,0.9852,,,,,3.4
551,8030,1.9963,,,,,4.3
431,8030,4.9,2.6,,,,4.3
552,8030,4.0,1.6,,,,4.3
433,8030,,1.5,,,,4.3
510,8030,1.2,1.6,,,,4.3
512,8030,3.0,3.3,,,,4.3
518,8030,1.9704,1.8049,,,,4.3
519,8030,3.89,2.05,,,,4.3
483,8030,3.2,1.8,,,,4.3
484,8030,2.8,2.2,,,,4.3
521,8030,5.0267,2.8,,,,4.3
527,8030,3.3,2.2,,,,4.3
528,8030,4.0,2.0601,,,,4.3
411,8030,5.0,2.0,,,,4.3
456,8030,2.5,2.5,,,,4.3
533,8030,,1.5,,,,
535,8030,4.5,2.4,,,,4.3
463,8030,3.9,2.3,,,,4.3
540,8030,3.3,2.5,,,,4.3
420,8030,2.5,2.9,,,,4.3
422,8030,3.2,,,,,4.3
544,8030,2.3,2.3,,,,4.3
424,8030,4.0585,1.6516,,,,4.3
546,8030,4.2,2.0,,,,4.3
426,8030,2.0,2.8,,,,4.3
504,8030,,0.2846,,,,4.3
548,8030,4.035,2.0,,,,4.3
428,8030,,2.6,,,,4.3
429,8030,3.5,,,,,4.3
506,8030,3.9,,,,,4.3
84,8030,3.1,2.2,,,,4.3
507,8030,4.567,2.5,,,,4.3
508,8030,1.7373,1.3119,,,,4.3
550,8031,,4.8,,,,1.7
431,8031,2.5,2.2,2.4,,,1.7
552,8031,1.7,1.7,2.0,,,1.7
510,8031,1.7,1.7,1.6,,,1.7
554,8031,2.4,,,,,1.7
512,8031,3.5,3.0,3.2,,,1.7
518,8031,1.3146,1.3859,2.0661,,,1.7
519,8031,1.49,0.93,2.23,,,1.7
483,8031,3.2,3.2,2.0,,,1.7
484,8031,-1.5,2.5,2.5,,,1.7
521,8031,1.9068,3.2347,2.6,,,1.7
448,8031,,,2.6255,,,1.7
527,8031,3.0,3.0,2.6,,,1.7
528,8031,0.1,1.0,2.1459,,,1.7
20,8031,,2.1,2.7,,,1.7
411,8031,1.7,2.4,2.2,,,1.7
456,8031,2.0,2.0,2.0,,,1.7
535,8031,1.9,2.3,2.3,,,1.7
463,8031,2.8,2.1,2.8,,,1.7
540,8031,1.54,2.3,2.3,,,1.7
420,8031,2.5,2.0,2.5,,,1.7
421,8031,,2.9,2.9,,,1.7
422,8031,2.0,2.0,,,,1.7
544,8031,1.8,2.0,2.0,,,1.7
424,8031,2.0,1.3913,2.6271,,,1.7
546,8031,2.0,2.2,2.3,,,1.7
504,8031,-0.1981,,1.9356,,,1.7
548,8031,0.9835,0.9835,2.14,,,1.7
428,8031,2.9,,1.8,,,1.7
429,8031,2.0,1.2,,,,1.7
84,8031,3.0,3.2,2.6,,,1.7
507,8031,2.2504,2.2959,2.2,,,1.7
508,8031,3.5075,1.6904,0.716,,,1.7
550,8032,3.0,,4.0,,,3.9
431,8032,2.2,1.0,2.2,2.4,,3.9
552,8032,2.0,1.7,1.7,2.2,,3.9
510,8032,1.1,2.0,1.7,1.5,,3.9
554,8032,2.4,2.0,,,,3.9
555,8032,1.8,,,,,3.9
512,8032,3.0,3.25,3.2,3.2,,3.9
518,8032,2.5189,1.3809,1.5021,1.6641,,3.9
519,8032,3.24,1.32,1.22,1.88,,3.9
99,8032,,,2.1,,,3.9
483,8032,3.8,3.1,3.1,2.2,,3.9
484,8032,2.3,2.2,2.2,2.2,,3.9
521,8032,3.2,1.658,2.4361,2.6,,3.9
448,8032,2.6,,,2.8295,,3.9006
527,8032,2.3,2.8,2.5,1.8,,3.9
528,8032,2.7,1.2,1.2,1.9828,,3.9
411,8032,3.1,1.4,2.0,2.2,,3.9
535,8032,3.3,1.7,1.9,2.2,,3.9
463,8032,3.1,2.5,2.2,2.7,,3.9
540,8032,2.7,2.7,2.2,2.2,,3.9
420,8032,2.0,1.6,1.2,1.4,,3.9
421,8032,3.4,,2.4,2.4,,3.9
542,8032,3.8,,,,,3.9
422,8032,2.0,2.3,2.3,,,3.9
424,8032,2.9617,0.8406,0.9372,1.6866,,3.9
546,8032,3.0,2.0,2.0,2.2,,3.9
426,8032,,3.1,2.2,2.7,,3.9
504,8032,4.4206,-0.1981,,1.6333,,3.9
548,8032,1.2838,1.3728,1.3728,1.989,,3.9
507,8032,2.5777,2.4673,1.9561,2.3,,3.9
508,8032,1.6114,2.7515,1.8604,0.9455,,3.9
550,8033,2.8,1.8,,2.2,,3.5
551,8033,,,3.036,2.1034,,3.5
431,8033,2.8,2.8,1.9,2.7,2.4,3.5
552,8033,3.3,2.1,1.8,1.8,2.1,3.5
553,8033,,1.7,,,,3.5
510,8033,0.8,1.8,1.8,1.8,1.6,3.5
554,8033,3.2,2.8,2.0,,,3.5
555,8033,2.3,1.7,,,,3.5
512,8033,3.7489,3.0,3.25,3.2,3.2,3.5
557,8033,1.4628,,,,,3.5
519,8033,3.1,1.11,1.86,2.04,2.32,3.5
483,8033,3.7,3.5,3.0,3.0,2.2,3.5
484,8033,2.8,2.2,2.5,2.5,2.9,3.5
521,8033,2.5273,3.2,2.0779,2.4267,2.0,3.5
528,8033,2.2,1.7,2.0,2.0,2.0258,3.5
407,8033,2.8672,,,,,3.5
20,8033,,4.5,,2.8,2.2,3.5
411,8033,3.1,3.2,2.1,2.0,2.2,3.5
535,8033,2.9,3.6,2.5,2.4,2.2,3.5
463,8033,3.1,3.0,2.7,2.3,2.4,3.5
540,8033,4.6,2.2,2.2,1.9,1.9,3.5
541,8033,,,,2.0,,3.5
421,8033,3.3,3.8,,2.6,2.8,3.5
422,8033,2.3,2.3,2.3,2.3,,3.5
544,8033,,1.7,1.7,1.8,1.8,3.5
424,8033,2.8,2.8626,1.9142,1.6684,,3.5
546,8033,1.9,1.9,2.2,2.2,2.2,3.5
426,8033,2.3,,2.7,2.6,2.7,3.5
504,8033,2.3867,1.4617,-0.1981,,1.7969,3.5
548,8033,2.7,1.8349,1.8638,1.8638,2.03,3.5
428,8033,,2.09,1.42,,1.7,3.5
429,8033,,1.9,1.7,1.7,,3.5
506,8033,,,1.8,2.0,,3.5
84,8033,,2.4,3.0,3.2,,3.5
507,8033,2.0389,2.1917,2.6992,1.9717,2.4,3.5
508,8033,3.8779,1.9559,2.1576,2.1614,1.5812,3.5
431,8034,5.3,3.1,1.9,1.7,2.4,4.2
552,8034,2.1,1.5,1.7,1.7,1.7,4.2
553,8034,2.6,,1.8,,,4.2
510,8034,2.1,2.0,1.8,1.6,1.6,4.2
554,8034,3.2,2.7,2.8,2.0,,4.2
555,8034,2.2,0.6,1.8,,,4.2
512,8034,3.0,3.7141,3.0,3.4,3.2,4.2
556,8034,2.8021,,,,,4.2
557,8034,3.3146,2.5302,,,,4.2
516,8034,,,,,-0.0766,4.2
518,8034,,0.3044,1.3209,2.0691,1.9428,4.2
519,8034,3.52,1.6,1.18,2.1,1.98,4.2
99,8034,,3.0,,,1.9,4.2
483,8034,3.3,3.5,3.5,3.0,3.0,4.2
484,8034,3.8,2.6,2.5,2.0,2.3,4.2
521,8034,2.7,1.1442,1.8,2.0265,2.5335,4.2
523,8034,3.31,,,,,4.2
527,8034,,3.0,2.5,3.0,2.8,4.2
528,8034,2.2,0.5,1.7,1.9,2.0,4.2
407,8034,2.91,2.9013,,,,4.2
20,8034,2.1,,4.1,,2.6,4.2
411,8034,3.4,2.4,1.7,1.9,2.1,4.2
533,8034,,,,,,
535,8034,2.6,2.2,3.1,3.1,2.3,4.2
463,8034,3.9,2.4,2.3,2.5,2.2,4.2
540,8034,3.9,1.6,2.2,2.2,2.2,4.2
420,8034,,1.7,1.8,2.1,1.9,4.2
541,8034,2.2,,,,2.0,4.2
421,8034,3.1,2.9,3.1,,2.3,4.2
424,8034,2.9835,1.8,1.5956,1.8883,1.8883,4.2
546,8034,3.0,1.9,1.9,2.1,2.2,4.2
426,8034,3.2,3.0,,2.5,2.5,4.2
504,8034,1.6876,0.0928,-1.1355,-0.1981,,4.2
548,8034,1.6798,0.4,2.0827,1.8661,1.8661,4.2
428,8034,2.26,,1.43,1.4,,4.2
84,8034,2.8,,2.4,3.0,3.2,4.2
431,8035,4.8,2.8,2.6,2.0,1.7,5.4
552,8035,2.3,2.0,1.6,1.8,1.8,5.4
553,8035,3.0,2.5,,1.9,,5.4
433,8035,,,,,1.9,5.4
510,8035,1.3,1.4,1.8,1.8,1.9,5.4
554,8035,4.5,3.5,2.8,2.8,1.9,5.4
555,8035,6.5,2.9,1.8,1.7,,5.4
512,8035,4.0,3.0,3.1722,3.0,3.4,5.4
556,8035,3.812,1.4898,,,,5.4
557,8035,5.9835,2.457,2.0085,,,5.4
518,8035,5.9193,,1.5411,1.1147,2.137,5.4
519,8035,4.1,2.97,1.88,1.59,2.11,5.4
99,8035,4.1,,2.9,,,5.4
483,8035,3.1,3.1,3.1,3.1,2.8,5.4
484,8035,3.9,3.4,2.4,2.4,2.5,5.4
561,8035,3.8,,,,,5.4
527,8035,4.5,,2.8,2.5,3.0,5.4
528,8035,4.5,2.8,1.8,1.7,1.9,5.4
407,8035,2.9751,2.9464,2.938,,,5.4
411,8035,4.8,4.6,1.4,1.4,1.9,5.4
535,8035,3.9,2.6,2.7,2.7,2.7,5.4
463,8035,4.6,3.5,2.6,2.1,2.5,5.4
540,8035,4.2,3.3,2.7,2.1,2.1,5.4
420,8035,4.6,,2.0,2.3,2.4,5.4
421,8035,2.4,2.8,2.6,2.4,,5.4
544,8035,,2.2,,1.8,1.8,5.4
423,8035,,,2.8,,,5.4
546,8035,4.1,2.2,2.0,2.0,2.3,5.4
426,8035,2.8,3.3,2.7,,2.6,5.4
504,8035,2.0543,-1.2804,0.7728,-0.7161,-0.1981,5.4
548,8035,2.8716,1.933,1.2,2.3841,1.896,5.4
428,8035,4.23,1.49,,1.23,1.69,5.4
429,8035,,2.8,,1.6,1.7,5.4
506,8035,,2.9003,,,2.4,5.4
84,8035,6.0,2.8,,2.6,3.0,5.4
507,8035,,1.8302,1.7135,2.516,2.7184,5.4
508,8035,,3.5,3.1857,2.1631,2.4668,5.4
431,8036,-3.916,3.4,2.8,2.0,2.1,-5.5
552,8036,-2.4,2.3,2.2,1.8,1.7,-5.5
510,8036,-1.9,1.9,1.5,2.1,1.9,-5.5
555,8036,-3.0,5.5,1.7,1.5,1.7,-5.5
512,8036,2.0,3.6,3.4,3.6509,3.0,-5.5
556,8036,-0.3999,1.3878,1.2948,,,-5.5
557,8036,-0.4388,3.464,2.2097,2.6118,,-5.5
559,8036,,2.6,,,,-5.5
516,8036,,5.5247,,,,-5.5
518,8036,-2.1863,2.1873,,1.1582,1.6067,-5.5
483,8036,2.7,2.7,3.0,3.0,2.9,-5.5
484,8036,3.7,3.7,3.1,2.5,2.5,-5.5
528,8036,-4.0,2.8,1.7,1.5,1.5,-5.5
411,8036,-3.4,2.5,2.2,1.7,1.8,-5.5
535,8036,-3.8,0.8,2.3,2.3,2.3,-5.5
463,8036,-4.5372,2.6,3.2,2.4,2.2,-5.5
540,8036,3.4,3.4,2.5,2.5,2.1,-5.5
420,8036,-1.1,1.8,,1.8,2.1,-5.5
541,8036,,2.3,1.4,,,-5.5
421,8036,-0.9,2.4,2.6,2.3,2.2,-5.5
542,8036,,,,2.0,1.4,-5.5
544,8036,-3.4,,2.1,,1.8,-5.5
423,8036,2.3,,,2.8,,-5.5
424,8036,,2.2,2.4099,1.7,2.1921,-5.5
546,8036,1.2,1.2,2.1,2.0,2.1,-5.5
426,8036,1.0,3.0,3.0,2.5,,-5.5
504,8036,-5.7991,-0.2371,-0.1281,-3.3136,0.0228,-5.5
548,8036,-4.3567,1.9161,1.7838,1.1,1.6477,-5.5
428,8036,-1.3,1.5,1.88,,1.28,-5.5
506,8036,-4.2016,,1.9049,,,-5.5
507,8036,-1.4299,,1.9695,2.0846,2.178,-5.5
508,8036,0.7376,,3.3,3.0457,1.8643,-5.5
551,8037,,,,3.2,,-1.0
431,8037,-1.5,-0.316,3.7,2.6,2.7,-1.0
553,8037,,1.3,2.3,2.2,,-1.0
433,8037,,1.3,,,,-1.0
510,8037,-1.6,0.6,1.4,1.3,2.2,-1.0
555,8037,-4.6,0.0,2.5,2.1,1.7,-1.0
512,8037,0.3302,3.0,3.3,3.4,2.9529,-1.0
556,8037,-1.7322,1.3164,2.0396,1.3811,,-1.0
557,8037,-1.3312,1.2576,3.0023,2.7107,2.3021,-1.0
516,8037,-3.3257,,1.1427,,,-1.0
518,8037,-2.1462,-0.7104,0.6637,,1.427,-1.0
483,8037,0.1,1.6,2.1,3.0,3.0,-1.0
484,8037,1.3,3.4,3.4,2.8,2.3,-1.0
561,8037,,1.9,2.1,,,-1.0
523,8037,,,2.65,3.2,,-1.0
527,8037,,0.3,2.5,,2.3,-1.0
528,8037,-1.3,-1.4,3.0,2.1,1.7,-1.0
407,8037,,3.0911,3.0306,3.0099,3.0052,-1.0
20,8037,,,3.0,2.1,,-1.0
411,8037,-1.44,0.3,2.4,2.6,1.8,-1.0
535,8037,-1.0,1.0,1.8,2.4,2.4,-1.0
463,8037,-1.1,-0.3018,3.0,2.8,2.4,-1.0
540,8037,-2.2,3.1,2.8,2.2,1.8,-1.0
420,8037,-0.4,-0.2,2.1,,2.1,-1.0
421,8037,-2.8,1.7,2.3,2.5,2.4,-1.0
542,8037,-1.8299,,,,2.6,-1.0
544,8037,-4.9,0.3,,2.0,,-1.0
423,8037,-3.3,2.7,,,2.8,-1.0
424,8037,-0.715,,2.9,,,-1.0
546,8037,1.2,1.8,1.8,2.1,2.1,-1.0
426,8037,-0.7,2.8,2.7,2.7,2.7,-1.0
504,8037,-2.2656,0.0234,-0.5629,1.7515,-0.2672,-1.0
548,8037,-4.7442,-1.9879,2.1808,1.9112,1.5,-1.0
428,8037,-1.9,0.59,1.4,1.6,,-1.0
506,8037,-2.5,-1.2704,,2.1746,,-1.0
84,8037,,2.7,3.5,2.8,,-1.0
507,8037,-2.0583,0.6466,,1.8916,2.2509,-1.0
433,8038,0.7,,2.1,,,1.3
510,8038,-0.5,1.2,1.6,1.6,1.5,1.3
555,8038,-0.2,-0.5,1.0,0.5,1.2,1.3
512,8038,1.8877,2.9985,3.0,2.9,3.4,1.3
556,8038,1.0204,1.3464,1.9899,1.6007,1.4084,1.3
557,8038,2.6925,0.1456,1.2813,2.3584,2.5801,1.3
516,8038,-1.1727,-0.3358,,-2.3438,,1.3
518,8038,0.2117,0.132,-0.4454,-1.4242,,1.3
483,8038,0.6,0.3,2.6,1.9,3.0,1.3
520,8038,,-1.5,,,,1.3
523,8038,3.6727,,,3.31,3.24,1.3
446,8038,,,,,,
527,8038,1.3,,0.5,2.0,,1.3
528,8038,-0.1,1.5,-0.5,2.3,1.5,1.3
407,8038,2.9629,,3.1034,3.0737,3.0437,1.3121
411,8038,0.9,-0.5,1.2,1.9,2.1,1.3
535,8038,0.9,1.1,2.2,2.5,2.4,1.3
463,8038,0.6,1.2,2.5074,2.5,2.6,1.3
540,8038,1.8,1.8,2.5,2.3,1.8,1.3
420,8038,1.7,2.7,1.1,2.0,,1.3
422,8038,,,,,1.8,1.3
423,8038,1.78,1.0,2.7,,,1.3
424,8038,-0.9,-0.9305,,0.6,,1.3
426,8038,1.2,-0.2,2.7,2.6,2.6,1.3
504,8038,2.7327,2.1882,-0.7526,-2.0321,3.8666,1.3
553,8039,,1.3,,2.2,2.2,2.8
510,8039,1.0,1.0,1.4,1.5,1.5,2.8
555,8039,1.4,0.0,1.6,1.5,1.0,2.8
556,8039,1.9781,1.3505,1.7563,1.5912,1.4159,2.8
557,8039,0.3,0.7142,0.4519,1.7062,2.1657,2.8
516,8039,1.8907,-0.9797,0.1313,,-2.5694,2.8
518,8039,1.2636,0.5009,1.8068,1.0545,0.9138,2.8
99,8039,,,,2.3,3.1,2.8
483,8039,1.0,1.0,1.0,2.3,1.8,2.8
484,8039,,7.0,2.0,3.1,2.8,2.8
520,8039,1.2,,0.2,,,2.8
527,8039,2.3,0.8,,2.3,1.8,2.8
528,8039,2.2,0.0,1.5,1.0,2.3,2.8
407,8039,2.4186,2.9947,,3.1315,3.1025,2.7819
498,8039,2.9,,,,,2.8
411,8039,2.9,2.2,0.3,1.6,1.6,2.8
456,8039,2.0,,,,,2.8
463,8039,1.7,1.2,1.0,2.3269,2.4,2.8
540,8039,2.0,2.0,2.0,2.4,2.2,2.8
541,8039,,,2.2,,3.6,2.8
421,8039,,1.5,0.9,2.2,2.2,2.8
422,8039,2.0,,,,,2.8
424,8039,2.265,1.9,2.0879,,2.0,2.8
546,8039,,1.1,1.1,1.7,2.0,2.8
426,8039,1.5337,1.3,1.4,2.6,2.5,2.8
504,8039,3.5802,8.2443,5.6097,2.5429,0.8146,2.8
548,8039,,0.0889,1.6412,0.9274,1.988,2.8
428,8039,,0.95,1.48,1.98,1.81,2.8
506,8039,,0.0,0.4,0.9782,,2.8
507,8039,,2.0727,2.0727,1.2671,,2.8
553,8040,1.5,,1.3,,2.2,2.7
510,8040,1.3,1.6,1.4,1.8,1.6,2.7
555,8040,1.71,1.1,0.8,1.5,2.0,2.7
556,8040,1.1978,0.5124,1.5741,1.922,2.1672,2.7
557,8040,0.3269,0.0,1.1554,1.0315,1.2964,2.7
558,8040,,,-0.6,,,2.7
516,8040,1.5228,0.4447,0.1892,-0.2797,,2.7
518,8040,1.6801,0.7712,0.5015,1.6749,1.6011,2.7
483,8040,1.6,1.3,1.3,1.3,2.0,2.7
484,8040,1.2,,1.2,2.1,2.8,2.7
520,8040,1.5,1.5,,1.0,,2.7
564,8040,1.6214,,,,,2.7
446,8040,,,,,,
527,8040,1.3,0.5,1.0,,1.3,2.7
528,8040,2.3,1.3,0.9,1.7,1.4,2.7
407,8040,2.4537,2.445,3.0223,,3.1652,2.7
498,8040,3.4,3.0,,,,2.7
411,8040,2.0,1.4,0.6,0.46,1.6,2.7
456,8040,1.25,0.5,,,,2.7
535,8040,,1.5,1.7,1.7,2.2,2.7
463,8040,2.8,1.2,1.0,1.2,2.3496,2.7
540,8040,1.4,2.1,2.1,2.1,2.3,2.7
420,8040,,1.4,0.6,0.4,1.3,2.7
541,8040,1.5,,,1.7,,2.7
421,8040,2.6,,2.3,1.4,2.1,2.7
542,8040,,,1.9696,1.9495,,2.7
422,8040,1.6,2.0,,,,2.7
424,8040,1.8251,1.4861,1.5,1.4128,,2.7
546,8040,2.2,,1.0,1.0,1.8,2.7
426,8040,1.5478,2.2327,1.3,1.7,2.7,2.7
504,8040,3.6061,-0.018,0.9095,1.8427,3.2195,2.7
548,8040,3.1419,,0.8815,1.4821,1.1662,2.7
428,8040,0.57,,0.78,0.79,1.87,2.7
506,8040,2.5582,,0.8,1.0,1.4256,2.7
507,8040,2.0453,,2.388,2.388,1.5936,2.7
551,8041,,,,0.7809,,1.5
431,8041,,,,0.6,1.5,1.5
553,8041,1.5,1.5,,1.8,,1.5
510,8041,1.6,1.8,1.4,1.0,1.6,1.5
555,8041,0.3,0.1,1.1,1.5,2.1,1.5
556,8041,1.4137,0.7644,1.5933,1.9637,2.0299,1.5
557,8041,-0.3,0.6143,-0.1,0.704,1.1743,1.5
558,8041,-0.4661,,,-0.6,,1.5
559,8041,,,,,1.0,1.5
516,8041,0.1207,0.1778,0.6617,0.6215,0.1536,1.5
518,8041,1.4165,0.0204,1.3808,1.7815,1.873,1.5
483,8041,1.4,1.1,1.3,1.3,1.3,1.5
484,8041,1.5,1.5,,1.5,2.3,1.5
520,8041,2.1256,1.9,1.9,,1.5,1.5
564,8041,0.4449,0.3265,,,,1.5
446,8041,,,,,,
527,8041,1.8,1.5,1.3,1.5,,1.5
528,8041,0.5,1.0,1.3,1.5,1.8,1.5
407,8041,2.4756,2.4831,2.4782,3.0591,,1.5
498,8041,2.1,2.6,1.4,,,1.5
411,8041,1.8,1.1,-0.1,0.7,0.2,1.5
456,8041,1.5,0.75,0.3,,,1.5
535,8041,2.0,,1.8,2.1,2.1,1.5
463,8041,2.3,2.0,1.0,1.1,1.3,1.5
540,8041,2.2,1.9,2.3,2.3,2.3,1.5
541,8041,2.1,1.5,,,1.7,1.5
421,8041,2.1,2.7,,2.7,2.0,1.5
542,8041,1.8478,,,1.8429,2.1864,1.5
422,8041,0.7,1.6,2.0,,,1.5
423,8041,,,2.7,2.7,2.7,1.5
424,8041,1.5394,1.0853,1.3752,,,1.5
546,8041,2.0,1.5,,1.0,1.0,1.5
426,8041,2.1781,1.8005,2.5914,1.7,2.2,1.5
504,8041,0.8532,-2.0705,1.2437,1.0648,-0.3385,1.5
548,8041,0.6231,0.0937,,1.4307,2.072,1.5
428,8041,0.16,0.04,,1.78,1.47,1.5
506,8041,1.4953,0.1899,,1.4,1.9,1.5
507,8041,1.9613,1.4195,,1.4656,1.4656,1.5
551,8042,1.2,,,,0.6702,0.1
510,8042,1.3,1.5,1.9,1.9,1.5,0.1
555,8042,0.5109,0.9,1.0,1.5,1.6,0.1
556,8042,1.0337,1.1513,1.335,1.7244,1.9147,0.1
558,8042,-1.6914,-0.1463,,,-1.2,0.1
518,8042,1.9333,1.215,0.9855,1.7503,1.7323,0.1
483,8042,1.2,1.2,1.2,1.4,1.4,0.1
484,8042,1.7,1.7,1.7,,1.7,0.1
561,8042,,,,,0.1,0.1
563,8042,2.1,,,,,0.1
446,8042,,,,,,
528,8042,0.8,0.8,1.0,1.6,1.8,0.1
407,8042,2.5003,3.6222,3.6187,2.5071,3.0916,0.1
411,8042,0.2896,-0.4,1.0,0.9,0.3,0.1
535,8042,1.1,2.2,,2.6,2.4,0.1
463,8042,1.7,1.5,1.0,1.0,1.2,0.1
540,8042,2.2,2.3,2.0,2.5,2.5,0.1
420,8042,,0.0,,1.8,1.9,0.1
421,8042,2.3,2.3,2.5,,3.0,0.1
422,8042,1.5,1.6,1.6,2.0,,0.1
423,8042,1.81,,,2.7,2.71,0.1
424,8042,0.2492,-0.4955,-0.652,-0.1102,,0.1
546,8042,0.8,1.6,1.4,,1.0,0.1
426,8042,2.4038,2.1827,2.3316,2.6404,2.2,0.1
504,8042,-2.833,-2.1279,-2.6546,-1.8794,0.2595,0.1
548,8042,0.6152,0.7213,0.6523,,1.8172,0.1
428,8042,0.76,-0.56,-0.03,,1.84,0.1
507,8042,1.2671,1.2671,2.4142,,2.5072,0.1
472,8043,2.0696,,,,,1.0
431,8043,,2.0,,,,1.0
510,8043,1.9,2.0,2.0,2.2,2.2,1.0
556,8043,0.2583,0.3128,0.4716,0.8234,0.8619,1.0
557,8043,,0.7,1.5,0.4482,0.3,1.0
558,8043,-0.552,0.0364,-0.3073,,,1.0
516,8043,,1.0169,1.1874,0.9734,1.2672,1.0
518,8043,0.6247,0.9012,1.9067,1.9025,1.862,1.0
483,8043,1.6,1.3,1.3,1.3,1.4,1.0
484,8043,1.5,2.0,2.0,2.0,,1.0
563,8043,1.0,2.3,,,,1.0
520,8043,,2.0,2.268,2.3,2.3,1.0
523,8043,,,,,4.7962,1.0
527,8043,,1.0,1.5,1.5,2.0,1.0
528,8043,1.1719,1.8,1.8,1.4,1.7,1.0
407,8043,2.5264,3.6355,3.6558,3.656,2.5427,1.0
498,8043,,2.2,2.8,2.2,-0.1,1.0
411,8043,1.39,1.8924,1.2,0.9,0.8,1.0
456,8043,,0.75,0.75,-0.3,-0.3,1.0
535,8043,1.2,2.4,2.6,,2.6,1.0
463,8043,0.7,1.7,1.2,1.0,1.3,1.0
540,8043,1.3,2.1,2.1,2.1,2.4,1.0
420,8043,1.3,,1.2,,1.5,1.0
541,8043,,2.4,2.2,2.7,,1.0
421,8043,1.0,2.3,2.3,2.8,,1.0
542,8043,,2.3833,2.032,,,1.0
422,8043,1.5,1.5,1.6,1.6,2.0,1.0
424,8043,1.5433,2.0638,1.6137,1.2768,1.4363,1.0
546,8043,0.8,1.4,1.4,1.4,,1.0
504,8043,-0.3423,0.7364,1.1498,1.441,6.0608,1.0
548,8043,1.4502,1.5268,1.7068,1.621,,1.0
428,8043,0.2,-0.07,0.17,0.63,,1.0
506,8043,,1.5,1.499,1.7525,,1.0
507,8043,1.096,2.106,2.106,2.2616,,1.0
431,8044,3.0,,1.8,,,1.8
553,8044,,,1.8,1.8,1.9,1.8
510,8044,1.4,2.1,2.0,1.9,2.1,1.8
555,8044,,1.3,1.5,1.5,1.7,1.8
556,8044,1.2333,1.1636,1.7731,1.7791,1.8792,1.8
557,8044,1.1272,,1.6,1.5,1.0313,1.8
558,8044,-0.6118,-0.2785,-0.6169,-0.0823,,1.8
516,8044,1.7423,,1.0087,1.3062,0.9024,1.8
518,8044,2.4628,1.3446,1.0309,1.7039,1.8804,1.8
483,8044,0.8,0.8,1.4,1.4,1.4,1.8
484,8044,2.0,1.7,2.2,2.2,2.2,1.8
561,8044,,1.4,,,,1.7
563,8044,1.4,1.5,2.1,,,1.8
520,8044,1.5,,2.1,2.1749,2.3,1.8
564,8044,,,1.6643,1.7909,1.6022,1.8
446,8044,,,,,,
527,8044,1.0,,1.3,2.0,1.5,1.8
528,8044,1.7,1.239,1.7,1.7,1.5,1.8
407,8044,2.5322,2.5543,3.6686,3.6918,3.692,1.8
411,8044,1.8112,1.6,0.7936,1.0,0.8,1.8
456,8044,1.5,,0.5,0.5,-0.5,1.8
535,8044,2.0,2.1,2.8,2.8,,1.8
540,8044,1.7,1.7,2.3,2.3,2.3,1.8
420,8044,1.0,1.2,,1.1,,1.8
542,8044,1.6867,,1.5529,2.0788,,1.8
422,8044,1.5,1.5,1.5,1.8,1.8,1.8
423,8044,,2.19,2.6,,,1.8
424,8044,1.7584,1.2785,1.141,1.6351,1.2937,1.8711
426,8044,,2.2608,2.2515,2.2973,2.2451,1.8
504,8044,1.7874,2.3287,2.7328,3.0277,2.6136,1.8
548,8044,1.3419,1.2906,1.4747,1.7489,1.473,1.8
428,8044,-0.2,-0.2,-0.06,0.47,0.64,1.8
506,8044,2.09,,1.4,1.3787,1.6398,1.8
507,8044,1.5774,1.8759,1.8759,1.8759,2.2915,1.8
508,8044,1.6892,,,,,1.8
472,8045,,1.5008,1.8473,,,3.8
431,8045,2.5,2.0,,1.2,,3.8
553,8045,1.9,,,1.8,1.8,3.8
510,8045,1.6,2.2,2.1,2.1,2.1,3.8
555,8045,1.3,,1.9,2.0,1.9,3.8
556,8045,2.4639,1.4052,1.3918,1.554,1.5674,3.8
557,8045,1.2121,1.548,,1.3,0.2,3.8
558,8045,0.1308,0.398,-0.1774,-0.7265,-0.0684,3.8
559,8045,,,,1.7,,3.8
516,8045,2.4967,1.0993,,2.7872,1.8875,3.8
518,8045,2.2355,1.6702,1.7952,1.6015,1.7043,3.8
483,8045,1.0,0.8,0.8,1.6,1.6,3.8
484,8045,1.9,1.9,1.6,2.1,2.1,3.8
561,8045,2.5,,0.9,,,3.8
563,8045,1.5,1.4,1.3,2.3,,3.8
520,8045,1.2,1.6,,2.2,2.275,3.8
564,8045,2.22,,,2.4546,2.1476,3.81
523,8045,,3.26,,,,3.8
568,8045,2.0322,,,,,3.8
527,8045,2.0,1.0,,1.3,1.8,3.8
407,8045,2.5472,2.5637,2.5853,3.7006,3.723,3.8
498,8045,,0.9,,1.5,1.5,3.8
411,8045,2.3867,1.1512,0.83,0.9004,1.0,3.8
535,8045,2.7,1.9,2.3,2.9,2.9,3.8
463,8045,,2.1,1.8,1.6,1.5,3.8
540,8045,2.0,1.8,1.8,2.5,2.5,3.8
420,8045,2.0,1.2,1.4,,1.5,3.8
542,8045,2.5123,1.892,,1.9963,1.8859,3.8
422,8045,1.8,1.5,1.5,1.8,1.8,3.8
423,8045,2.85,,2.52,2.62,,3.8
424,8045,2.5207,1.3307,1.3792,0.9058,0.9239,3.8
546,8045,,1.0,0.9,1.5,1.5,3.8
426,8045,1.4,,2.3166,2.3733,2.3735,3.8
504,8045,1.0871,0.3801,1.2583,1.0705,2.1469,3.8
548,8045,2.5354,1.8924,1.8531,2.1879,2.0409,3.8
506,8045,2.7,1.43,,1.9,1.7181,3.8
507,8045,1.8136,1.5438,1.8558,1.8558,1.8558,3.8
472,8046,4.6401,,1.4403,1.7015,,3.1
551,8046,,,,1.4,1.8,3.1
431,8046,3.1,0.3,1.8,,1.3,3.1
510,8046,2.0,2.2,2.2,2.5,2.6,3.1
555,8046,1.2,1.2,,1.5,1.7616,3.1
557,8046,1.85,1.0446,0.7282,,1.2,3.1
558,8046,1.1404,-1.1826,1.0507,0.3556,-0.1459,3.1
516,8046,4.5966,0.7625,0.7718,,1.3985,3.1
518,8046,2.3053,0.8356,1.0988,1.3925,1.5716,3.1
483,8046,2.0,1.0,0.8,0.8,1.7,3.1
484,8046,2.2,2.0,2.0,1.7,2.2,3.1
561,8046,1.7,2.4,,1.0,,3.1
563,8046,3.0,1.5,1.8,1.5,2.4,3.1
520,8046,1.3,1.3,1.6,,2.2,3.1
523,8046,3.04,,3.96,,,3.1
568,8046,0.6956,0.7501,,,,3.1
407,8046,2.5854,2.5856,2.5945,2.6156,3.7314,3.1
498,8046,4.5,,0.7,,0.7,3.1
456,8046,,0.9,1.0,,0.5,3.1
463,8046,3.6,,1.2,1.4,1.7,3.1
540,8046,3.3,2.3,1.8,1.8,2.8,3.1
420,8046,2.2,1.8,1.3,1.5,,3.1
542,8046,3.2286,0.0997,0.7174,,0.4441,3.1
422,8046,1.8,1.8,1.5,1.8,1.8,3.1
423,8046,3.7845,2.64,,2.58,2.62,3.1
546,8046,3.0,,1.0,0.8,1.5,3.1
426,8046,1.0892,1.5,,2.5887,2.6061,3.1
504,8046,2.8108,-1.0603,-1.893,-1.8297,-3.0009,3.1
548,8046,2.7202,1.3057,1.1085,1.6568,1.7186,3.1
507,8046,2.6,2.2437,1.5171,2.1405,2.1405,3.1
472,8047,1.3,2.8066,,1.4133,1.8932,2.4
431,8047,2.3,1.7,0.7,1.3,,2.4
553,8047,,1.4,1.9,,,2.4
433,8047,1.4,,,,,2.4
510,8047,2.0,2.8,2.2,2.3,2.4,2.4
554,8047,0.6,,,,,2.4
555,8047,1.6,1.7,1.4,,1.6,2.4
556,8047,,1.5368,0.9529,0.9048,1.6893,2.4
557,8047,0.2126,2.2824,0.2372,0.4673,,2.4
558,8047,-0.0985,1.0421,-0.8899,0.2161,0.0145,2.4
559,8047,,2.5,,,,2.4
518,8047,1.2005,1.8419,1.0881,1.199,1.7896,2.4
483,8047,1.0,1.6,1.2,1.0,1.0,2.4
563,8047,2.9,2.8,1.8,1.9,1.7,2.4
520,8047,1.5,1.5,1.5,1.7,,2.4
564,8047,,2.36,1.72,,,2.4
523,8047,3.4,3.16,,3.92,,2.4
568,8047,1.018,0.9591,0.9603,,,2.4
407,8047,2.6379,2.6264,2.6086,2.6209,2.6452,2.4
498,8047,0.6,2.6,,0.6,,2.4
411,8047,,2.5953,1.001,0.7866,0.78,2.4
456,8047,1.0,,0.9,0.75,,2.4
535,8047,,1.8,2.6,2.6,2.9,2.4
463,8047,0.8,2.1,,1.5,1.6,2.4
540,8047,3.8,2.5,2.5,2.1,2.1,2.4
420,8047,2.1,1.8,2.1,1.5,1.8,2.4
421,8047,,,,2.2,2.1,2.4
542,8047,3.1,2.6389,2.1599,2.3544,,2.4
422,8047,0.9,1.8,1.8,1.8,1.8,2.4
424,8047,,2.3341,1.3723,0.3304,0.35,2.4
546,8047,1.2,2.2,,1.0,0.8,2.4
426,8047,1.7773,2.3897,1.7921,,2.3715,2.4
504,8047,-0.4761,0.8548,1.9941,1.0493,0.8279,2.4
548,8047,1.5025,1.6221,1.5325,1.2436,1.6919,2.4
428,8047,,,1.63,1.3,2.07,2.4
506,8047,,1.7,1.6,1.4,,2.4
507,8047,0.3718,2.0,1.7285,2.5624,2.5624,2.4
551,8048,,1.9196,,,,0.7
431,8048,2.1,1.1,1.8,0.8,1.4,0.7
553,8048,1.4,,0.5,1.9,,0.7
433,8048,2.3628,2.2,,,,0.7
510,8048,2.1,2.8,2.8,2.4,2.4,0.7
554,8048,1.8,0.4,,,,0.7
555,8048,0.5,1.8,1.8,1.5,,0.7
556,8048,1.5478,,1.1717,1.1589,1.1312,0.7
557,8048,-2.4142,1.4476,2.3486,1.0095,0.9452,0.7
558,8048,0.3347,0.9814,1.2835,-0.8358,-0.1079,0.7
559,8048,3.2,,3.0,,,0.7
518,8048,2.1268,0.6999,1.1765,1.5176,1.4795,0.7
483,8048,1.1,1.1,1.6,1.2,1.0,0.7
484,8048,,2.4,2.1,2.1,2.1,0.7
561,8048,,2.3,2.1,1.4,,0.7
563,8048,2.6,3.2,3.1,1.9,1.9,0.7
520,8048,1.5,1.5,1.5,1.5,1.8,0.7
564,8048,1.97,,2.41,3.19,,
523,8048,2.48,3.6,3.631,,4.24,0.7
568,8048,1.7626,1.7012,1.0768,1.0783,,0.7
407,8048,2.6784,2.6705,2.6593,2.6455,2.6575,0.7
456,8048,2.0,2.0,,0.8,0.5,0.7
535,8048,0.8,,3.0,3.0,3.0,0.7
540,8048,2.8,3.4,2.7,2.7,2.3,0.7
420,8048,1.8,1.7,1.5,1.7,1.6,0.7
421,8048,3.2,,,,2.7,0.7
542,8048,1.6697,2.2,1.7035,1.6749,1.9543,0.7
422,8048,0.8,0.8,1.8,1.8,1.8,0.7
423,8048,,2.63,2.6632,2.6,,0.7
424,8048,0.9491,,1.1686,0.6836,0.4938,0.7
546,8048,2.2,1.6,1.6,,1.1,0.7
426,8048,1.641,2.2199,2.4358,1.8665,,0.7
504,8048,-1.2527,-0.0986,-0.6734,0.9749,1.4412,0.7
548,8048,2.6081,1.5078,0.8617,1.6817,1.3362,0.7
428,8048,2.55,,,1.62,1.49,0.7
506,8048,0.729,,0.9,1.5,1.55,0.7
507,8048,1.865,1.4608,1.7,2.5624,1.7315,0.7
431,8049,1.8,1.3,0.9,1.2,0.9,2.4
553,8049,2.0,2.5,,0.7,1.9,2.4
433,8049,0.9,2.4246,3.0,,,2.4
556,8049,1.7103,1.5585,,1.7459,1.8511,2.4
557,8049,2.2625,3.9659,2.4372,2.0211,1.6299,2.256
558,8049,0.6468,1.1642,0.7258,1.2237,0.4769,2.4
559,8049,3.1,3.4,,2.3,,2.4
518,8049,1.5827,1.3518,1.3743,0.9487,1.5293,2.4
483,8049,0.8,1.1,1.1,1.6,1.2,2.4
484,8049,1.2,,2.3,2.1,2.1,2.4
563,8049,2.1,3.1,3.2,3.1,2.0,2.4
520,8049,1.5,1.5,1.5,1.5,1.5,2.4
446,8049,,,,,,2.4
568,8049,0.4132,1.5146,1.3007,1.0214,1.0229,2.4
407,8049,2.6846,2.7067,2.7024,2.6915,2.678,2.4
535,8049,2.5,2.2,,3.2,3.2,2.4
463,8049,,2.6,2.7,2.5,,2.4
540,8049,2.3,2.5,3.0,2.2,2.2,2.4
420,8049,2.0,1.9,1.8,1.7,1.9,2.4
421,8049,3.0,3.0,,,,2.4
542,8049,2.1141,2.5823,2.6,2.2251,2.2249,2.4
422,8049,1.2,1.2,1.2,1.8,1.8,2.4
423,8049,1.504,,2.62,2.628,2.6,2.4
424,8049,1.7204,1.2123,,0.8905,,2.4
546,8049,1.4,1.7,1.7,1.7,,2.4
426,8049,1.4871,2.3686,2.358,2.4728,2.0691,2.4
504,8049,-0.3395,-1.3051,-0.0182,-0.4473,-1.1521,2.4
548,8049,1.182,1.8663,1.5794,1.5782,1.7942,2.4
428,8049,1.62,1.91,,,2.32,2.4
506,8049,1.7,0.8935,,1.6,1.7,2.4
507,8049,1.9473,0.7585,0.7585,1.5,1.7315,2.4
508,8049,,,,,4.683,2.4
472,8050,,,0.6429,1.4,2.1194,0.7
431,8050,2.197,1.8,1.6,1.4,1.8,0.7
553,8050,2.0,2.0,1.8,,2.0,0.7
433,8050,2.4,1.6,2.324,2.7,,0.7
510,8050,,2.7,3.3,3.4,2.1,0.7
555,8050,,1.9,0.7,1.5,1.4,0.7
512,8050,2.9,,,,,0.7
556,8050,2.07,1.7417,1.417,,2.0174,0.7
557,8050,2.016,3.0152,2.4185,2.5263,1.902,1.7
558,8050,0.9747,-0.5958,0.7957,0.7321,1.4913,0.7
559,8050,2.3,2.7,3.0,,1.9,0.7
518,8050,2.2679,0.6311,0.374,1.1968,0.8051,0.7
483,8050,1.4,0.8,1.1,1.1,1.6,0.7
484,8050,1.7,1.7,,2.2,2.1,0.7
563,8050,2.2,2.0,2.6,3.1,3.1,0.7
520,8050,1.6,1.6,1.6,1.6,1.6,0.7
523,8050,,4.02,2.84,4.0,4.1915,0.7
568,8050,1.0791,1.4278,1.509,1.4504,1.0788,0.7
407,8050,2.7186,2.7162,2.7449,2.7371,2.7229,0.7
411,8050,,,1.4689,,1.2923,0.7
456,8050,,1.7,1.5,1.5,,0.7
535,8050,0.8,2.6,2.6,,3.2,0.7
463,8050,2.3,,2.8,2.6,2.6,0.7
540,8050,2.1,2.1,2.4,1.4,2.4,0.7
420,8050,1.7,1.7,1.7,1.6,1.5,0.7
421,8050,3.4,3.4,3.4,,,0.7
542,8050,2.1233,1.5534,1.6793,1.6,0.9969,0.7
422,8050,1.0,1.2,1.2,1.2,1.8,0.7
423,8050,2.72,2.3806,,2.62,2.6208,0.7
424,8050,0.4173,-0.0632,-0.0264,,-1.1221,0.7
546,8050,2.2,1.6,1.6,1.8,1.8,0.7
426,8050,1.2089,2.4109,2.4836,2.4013,2.6815,0.7
504,8050,-3.3597,-2.9505,-1.8547,-2.6303,-2.5776,0.7
548,8050,1.7124,0.743,1.2834,1.161,1.2911,0.7
428,8050,1.47,1.12,1.43,,,0.7
507,8050,2.1855,2.0613,2.2712,2.2712,1.5,0.7
472,8051,2.9342,,,0.6429,1.4,1.8
553,8051,0.7,2.0,2.0,2.3,,1.8
433,8051,0.8,2.4,2.6,2.1798,2.3,1.8
510,8051,2.2,,2.5,2.8,3.2,1.8
555,8051,0.5,,1.8,2.0,1.7,1.8
512,8051,3.59,2.1,,,,1.8
556,8051,1.0018,1.4874,1.7395,1.599,,1.8
557,8051,1.5,1.909,2.0838,2.3961,2.4028,1.5
559,8051,2.0,2.2,2.3,2.6,,1.8
518,8051,0.921,0.921,1.8628,1.0437,2.0562,1.8
483,8051,0.8,1.2,1.0,1.2,1.2,1.8
484,8051,2.5,1.8,1.8,,2.2,1.8
563,8051,0.9,2.1,1.9,2.7,3.2,1.8
520,8051,1.8,1.8,1.8,1.8,1.8,1.8
568,8051,0.8857,1.5175,1.5241,1.4446,1.4479,1.8
526,8051,1.7,,,,,1.8
407,8051,1.9043,2.7494,2.7507,2.7717,2.771,1.8
571,8051,1.6471,,,,,1.8
411,8051,2.0337,,,1.3935,,1.8
535,8051,1.5,2.2,2.7,2.9,,1.8
463,8051,2.6,2.0,,2.7,2.6,1.8
540,8051,1.8,1.8,1.8,1.8,0.8,1.8
542,8051,2.396,2.8639,3.2598,3.3333,3.4,1.8
546,8051,1.0,1.7,1.7,1.74,1.8,1.8
426,8051,0.9806,2.5598,2.4013,2.4208,2.3896,1.8
504,8051,-0.0488,0.2355,1.5262,2.3067,1.1927,1.8
548,8051,0.0137,1.4582,1.5954,1.0256,1.8586,1.8
428,8051,1.6,1.76,0.88,1.31,,1.8
506,8051,,2.1,1.9,1.2719,,1.8
507,8051,1.9649,2.0373,2.2552,2.2552,2.2552,1.8
508,8051,,1.3212,,,,1.8
472,8052,1.9391,2.1821,,,0.6429,1.2
551,8052,,,,2.2,,1.2
553,8052,1.9,1.9,2.2,2.0,2.4,1.2
433,8052,2.96,2.4,2.4,2.7,2.0322,1.2
510,8052,2.1,1.8,,2.1,2.2,1.2
555,8052,1.6,0.8,,1.9,1.6,1.2
512,8052,4.2,3.0,3.0,,,1.2
556,8052,2.7426,1.4864,1.1935,1.2584,1.0842,1.2
557,8052,1.5,1.7,2.236,2.1543,2.3222,1.4984
559,8052,2.1,2.1,2.2,2.0,2.0,1.2
518,8052,0.5134,0.9467,0.9467,0.6358,1.5048,1.2
484,8052,2.0,2.0,2.0,2.0,,1.2
563,8052,2.0,1.7,2.5,2.3,2.8,1.2
520,8052,2.0,2.0,2.0,2.0,2.0,1.2
564,8052,,,,,0.88,1.2
568,8052,0.6817,1.2324,1.6809,1.6857,1.6792,1.2
526,8052,1.9978,2.0,,,,1.2
407,8052,2.2,2.2242,2.783,2.7773,2.8047,1.2
570,8052,2.4,,,,,1.2
571,8052,2.6207,2.2304,,,,1.2
572,8052,,1.7,,,,1.2
411,8052,2.0999,2.1031,,,1.3886,1.2
456,8052,,1.3,,1.5,1.5,1.2
535,8052,1.7,2.5,2.9,2.9,3.2,1.2
463,8052,3.2,2.5,2.4,,2.5,1.2
540,8052,2.2,2.2,2.2,2.2,2.7,1.2
420,8052,,1.7,1.7,1.7,1.6,1.2
421,8052,,2.4,2.7,2.7,2.7,1.2
542,8052,2.7539,2.1744,2.4004,2.7562,2.7626,1.2
422,8052,,2.3,1.8,1.2,1.2,1.2
546,8052,1.8,1.8,1.8,1.8,1.8,1.2
426,8052,0.7389,2.6655,2.8985,2.8212,2.843,1.2
504,8052,-0.9318,0.5237,1.7001,1.7704,1.3506,1.2
548,8052,0.5958,1.0091,1.1943,1.3025,1.1005,1.2
428,8052,1.65,2.2,1.8,1.41,1.62,1.2
506,8052,1.4,,1.2,1.7,1.136,1.2
507,8052,2.3383,2.057,2.338,2.0777,2.0777,1.2
551,8053,1.7,,,,1.7,0.9
553,8053,0.9,2.1,1.9,2.2,2.0,0.9
433,8053,0.6,2.5,3.2,2.2,2.3,0.9
510,8053,1.3,2.4,2.4,,2.3,0.9
555,8053,0.4,1.3,1.0,,2.0,0.9
512,8053,1.12,1.6,2.74,2.7,,0.9
556,8053,1.1265,2.7756,2.1443,2.2564,2.2458,0.9
557,8053,1.3568,1.4,1.7,1.932,2.2253,1.2
559,8053,1.4,2.5,2.1,2.2,2.0,0.9
518,8053,0.6374,1.1197,1.6986,1.6986,1.5742,0.9
484,8053,2.3,2.1,2.1,2.1,2.1,0.9
563,8053,1.5,1.9,1.8,2.6,2.3,0.9
520,8053,2.0,2.0,2.0,2.0,2.0,0.9
568,8053,1.5887,1.7956,1.2078,1.3362,1.6316,0.9
526,8053,1.9631,1.9637,2.2,,,0.9
528,8053,0.7,,,,,0.9
407,8053,2.5994,2.6,2.2886,2.8124,2.8102,0.9
570,8053,1.6,2.2,,,,0.9
571,8053,1.1,1.9983,2.06,,,0.9
411,8053,1.4453,0.7145,1.7046,,,0.9
535,8053,1.4,1.7,2.6,3.1,3.1,0.9
463,8053,1.3,1.8,2.3,3.0,,0.9
540,8053,2.4,2.6,2.6,2.6,2.6,0.9
420,8053,1.6,,2.1,2.0,2.0,0.9
421,8053,2.1,,2.5,2.7,2.7,0.9
542,8053,0.9718,1.799,2.3947,2.4019,3.0293,0.9
422,8053,1.7,,2.5,2.0,1.2,0.9
546,8053,1.8,1.8,1.8,1.8,1.8,0.9
426,8053,1.0031,2.186,2.6873,2.9127,2.9517,0.9
504,8053,-2.2784,-2.3151,-1.3578,0.0859,0.5587,0.9
548,8053,0.7204,1.037,1.1266,1.4125,1.6801,0.9
428,8053,1.42,1.56,1.7,2.27,1.58,0.9
506,8053,0.6177,0.4,,1.5,1.7,0.9
507,8053,1.0119,1.8125,2.0111,2.1527,2.1717,0.9
508,8053,,1.4285,,1.3355,,0.9
551,8054,1.6,1.9,,,,0.0
553,8054,1.2,1.8,2.0,1.8,2.2,0.0
433,8054,1.06,1.8,2.49,2.7,2.0,0.0
510,8054,1.3,2.4,2.6,2.6,,0.0
555,8054,1.8,1.4,1.5,1.4,,0.0
512,8054,1.8,1.84,2.4,3.07,3.0,0.0
556,8054,0.871,1.9378,2.4163,2.1232,2.1475,0.0
557,8054,1.7,1.7432,1.8,1.9,1.743,0.0
518,8054,0.0257,0.9327,1.9056,1.0136,1.0136,0.0
484,8054,1.8,2.1,2.2,2.2,2.2,0.0
563,8054,1.5,1.9,2.1,1.6,2.5,0.0
520,8054,1.9,1.9,1.9,1.9,1.9,0.0
446,8054,,,,,1.9137,0.0
528,8054,0.0,1.8,,,,0.0
570,8054,1.1,1.8,2.1,,,0.0
571,8054,0.5,1.6,2.3319,2.0439,,0.0
572,8054,,1.3,,1.8,,0.0
574,8054,2.0,,,,,0.0
411,8054,-0.1834,1.9536,1.2055,1.662,,0.0
456,8054,,1.6408,,1.6,,0.0
463,8054,0.6,2.2,2.3,2.1,3.0,0.0
540,8054,1.4,2.4,2.9,2.5,2.5,0.0
420,8054,1.1,2.0,,2.3,2.1,0.0
421,8054,1.8,2.7,,2.7,2.6,0.0
542,8054,0.1438,1.9527,1.9121,2.1556,1.9592,0.0
422,8054,1.5,1.7,,2.3,1.8,0.0
424,8054,,,,0.5883,-0.4873,0.0
546,8054,0.2,2.0,2.0,2.0,2.0,0.0
426,8054,0.5623,2.7173,2.6962,2.9122,3.1559,0.0
548,8054,-0.2,1.0,1.2299,0.8197,0.9411,0.0
428,8054,1.74,1.78,1.95,1.9,1.9,0.0
506,8054,-0.3256,0.8947,1.0,,1.0,0.0
507,8054,1.8114,2.522,2.0558,2.0558,2.1767,0.0
553,8055,1.3,1.8,1.8,2.0,1.9,1.9
433,8055,2.1,1.25,2.1,1.91,2.4,1.9376
510,8055,1.0,2.2,2.3,2.2,2.2,1.9
555,8055,2.3,1.6,1.6,1.5,1.6,1.9
512,8055,3.0,2.5,0.74,1.9,2.1,1.9
557,8055,0.7,1.8,1.9235,1.9,2.0,1.9
559,8055,,1.6,2.0,2.2,2.1,1.9
518,8055,0.8,0.6991,1.3784,2.5968,1.8769,1.9
563,8055,0.3,1.3,1.8,2.2,2.0,1.9
520,8055,1.8,1.8,1.8,1.8,1.8,1.9
568,8055,,0.9068,0.4366,0.7186,1.557,1.9
407,8055,,1.9831,2.7298,2.7,2.6065,1.9
570,8055,1.0,1.7,1.9,2.0,,1.9
571,8055,2.5,2.5,2.8,1.6079,2.0484,1.9
572,8055,2.2,,1.7,,1.9,1.9
574,8055,2.0,2.0,,,,1.9
576,8055,-0.4708,,,,,1.9
577,8055,1.4,,,,,1.9
535,8055,,2.2,2.3,2.7,3.0,1.9
463,8055,2.5512,1.8,1.4,2.3,2.1,1.9
540,8055,1.9,1.6,2.4,2.7,2.5,1.9
420,8055,2.3,2.5,2.2,,2.3,1.9
421,8055,2.1,2.1,2.4,,2.4,1.9
542,8055,2.7737,2.8022,3.0248,3.2217,3.2042,1.9
422,8055,3.3,1.5,1.7,,2.3,1.9
546,8055,3.2,1.3,2.0,2.0,2.0,1.9
426,8055,0.8313,2.5703,3.0368,2.9504,2.9838,1.9
504,8055,,-0.8361,2.0037,1.9785,2.1575,1.9
548,8055,1.0459,1.6,1.2,1.5515,1.6412,1.9
428,8055,0.57,1.87,1.93,2.03,2.3,1.9
506,8055,,1.561,1.0398,1.6,,1.9338
507,8055,2.7945,1.6424,2.1935,1.6981,1.7092,1.9
508,8055,,1.5335,,1.796,,1.9
553,8056,1.7,1.3,1.9,1.8,2.0,0.7
433,8056,1.5003,2.2,1.98,2.2,1.72,0.6984
510,8056,1.2,1.6,2.1,2.2,2.1,0.7
555,8056,1.6,1.8,1.8,1.8,1.5,0.7
512,8056,3.3,2.1,2.7,2.7,2.5,0.7
556,8056,,1.9867,1.8255,1.7618,1.5902,0.7
557,8056,1.5,0.7,2.0,2.1744,2.2,0.7
559,8056,1.7,,1.7,2.1,2.2,0.7
484,8056,,2.0,1.8,1.8,2.1,0.7
563,8056,2.0,1.0,1.6,1.8,2.2,0.7
520,8056,1.9,1.9,1.9,1.9,1.9,0.7
568,8056,0.7045,,1.1693,1.3578,1.3278,0.7
407,8056,1.8867,,2.1146,2.7353,2.7,0.7
570,8056,2.1,1.55,1.8,1.9,1.95,0.7
571,8056,1.1,1.6,1.9,1.3,2.1721,0.7
572,8056,1.4,1.4,,1.8,,0.6
574,8056,1.9,2.0,2.0,,,0.7
411,8056,,1.5779,1.3888,1.4859,1.7181,0.7
576,8056,1.8898,1.6199,,,,0.7
577,8056,2.1,1.4,,,,0.7
535,8056,0.8,,2.4,2.4,2.9,0.7
579,8056,1.7,,,,,0.7
463,8056,1.0,1.8892,1.8,2.0,2.2,0.7
420,8056,1.8,1.9,2.0,2.1,,0.7
421,8056,0.9,2.2,2.2,2.2,,0.7
542,8056,1.3775,2.3429,2.5516,2.4241,2.8083,0.7
422,8056,1.5,1.4,1.5,1.7,,0.7
424,8056,,1.7534,,,,0.7
546,8056,1.0,1.6,1.8,2.1,2.1,0.7
426,8056,1.0785,1.7075,2.8859,2.9711,2.8728,0.7
504,8056,-0.6111,,0.9037,1.8537,1.833,0.7
548,8056,1.3876,1.0342,1.4,1.4,1.3749,0.7
428,8056,1.56,0.51,2.01,2.16,2.18,0.7
549,8056,,,,,,
429,8056,0.821,,,,,0.7
506,8056,0.6867,,1.4346,1.451,1.3,0.6946
507,8056,0.1957,1.678,1.8555,1.9739,1.5183,0.7
508,8056,5.113,,2.8035,,2.938,0.7
553,8057,1.7,1.8,1.5,1.9,1.9,1.4
433,8057,1.1638,2.614,2.1,2.62,2.3,1.423
510,8057,1.7,2.0,2.1,2.3,2.3,1.4
555,8057,1.8,1.8,1.9,1.9,1.9,1.4
512,8057,2.8,1.8,1.7,2.5,1.13,1.4
556,8057,2.3363,,2.3363,2.4674,2.4228,1.4
557,8057,3.6078,1.8,0.6,2.4,2.2561,1.4
559,8057,1.3,1.8,,1.8,2.1,1.4
518,8057,,1.4268,1.6,1.5513,1.6053,1.4
484,8057,1.9,,2.0,1.8,2.1,1.4
563,8057,1.1,1.7,1.1,1.9,2.1,1.4
520,8057,1.8,1.8,1.8,1.8,1.8,1.4
568,8057,1.3646,1.6148,,1.1156,1.4288,1.4
526,8057,,,,2.1657,2.1654,1.4
407,8057,1.5483,1.8929,,2.1172,2.7337,1.4
570,8057,1.1396,1.3,1.5,1.9,2.0,1.4
572,8057,1.3,1.3,1.3,,1.9,1.4
574,8057,1.1,1.9,2.0,2.3,,1.4
576,8057,2.5,1.8723,1.1662,,,1.3
577,8057,1.0,2.0,2.2,,,1.4
578,8057,2.8401,,,,,1.4
535,8057,1.3,2.1,,2.7,2.7,1.4
579,8057,1.3,1.8,,,,1.4
463,8057,1.8,1.4,1.8129,1.9,2.1,1.4
420,8057,1.4,1.8,2.0,2.2,2.0,1.4
421,8057,1.7,1.7,2.6,2.6,2.6,1.4
542,8057,1.0265,1.6548,1.8694,1.9847,2.0188,1.4
422,8057,1.0,1.5,1.8,1.5,1.7,1.4
546,8057,1.5,1.7,1.6,1.8,2.2,1.4
426,8057,1.2874,1.9366,1.9465,3.0354,3.1035,1.4
504,8057,0.1754,-2.4684,,-0.5039,-0.2622,1.4
548,8057,1.0216,1.5245,1.5601,1.7,1.6,1.4
428,8057,1.8527,1.86,0.43,2.26,2.08,1.4
549,8057,,,,,,
429,8057,1.19,1.178,,,,1.4
506,8057,0.7652,1.3401,,1.702,1.6962,1.4
508,8057,2.7487,1.8148,,1.6962,,1.4
553,8058,1.4,1.8,1.8,2.0,2.0,2.3
433,8058,1.6452,1.5134,2.1194,2.1,2.5,2.3
510,8058,1.5,2.3,2.3,2.4,2.6,2.3
555,8058,2.0,1.9,1.9,2.0,2.0,2.3
512,8058,2.6,1.7,2.5,2.5,2.5,2.3
556,8058,1.6585,1.8007,,1.8007,1.9062,2.3
557,8058,1.4,1.1247,2.1,0.4,2.2,2.3
559,8058,1.4,2.0,1.9,,1.9,2.3
518,8058,1.9626,,1.3709,1.5,1.5104,2.3
484,8058,1.9,1.9,,2.2,2.0,2.3
563,8058,1.6,1.6,2.0,1.0,1.9,2.3
520,8058,1.7,1.7,1.8,1.8,1.8,2.3
568,8058,1.4306,1.4863,1.419,,1.2685,2.3
526,8058,1.3304,,,,2.1656,2.3
527,8058,,,2.0,,,2.3
570,8058,0.9,1.5543,1.2,1.6,2.1,2.3
572,8058,1.4,1.4,1.4,1.4,,2.3
574,8058,1.7312,1.3,1.9,2.0,2.1,2.3
411,8058,,1.1375,,1.2468,1.3886,2.3
532,8058,,,,,,2.3
577,8058,1.3,1.1,2.2,2.1,,2.3
578,8058,1.5,1.401,,,,2.3
535,8058,2.0,1.4,2.0,,2.6,2.3
579,8058,2.6,1.5,1.7,,,2.3
463,8058,1.9,1.3,1.5,1.8719,2.0,2.3
420,8058,1.3,1.3,1.8,1.9,2.1,2.3
421,8058,2.2,2.2,2.2,2.2,2.2,2.3
542,8058,2.2367,1.5965,1.8617,1.8862,2.0388,2.3
422,8058,1.4,1.0,1.7,1.8,1.5,2.3
546,8058,1.8,1.6,1.7,1.8,2.0,2.3
426,8058,3.9,2.0994,2.1138,2.1267,3.2302,2.3
504,8058,-1.338,-2.0026,-2.3221,,-1.5441,2.3
548,8058,1.96,0.7099,1.4601,1.4887,1.5,2.3
428,8058,1.58,2.1369,1.8,0.46,2.08,2.3
549,8058,,,,,,2.3
506,8058,1.9611,0.6828,1.6661,,1.5486,2.3165
507,8058,,1.9798,2.1357,2.2798,2.2798,2.3
553,8059,2.1,1.8,1.8,1.9,1.9,1.2
433,8059,1.0,1.5322,1.7889,1.8647,2.1,1.2301
510,8059,1.9,2.1,2.4,2.5,2.4,1.2
555,8059,2.2,1.7,2.0,2.0,2.0,1.2
512,8059,2.2,1.6,1.5,1.9,1.9,1.2
556,8059,2.056,1.6335,1.6111,,1.6111,1.2
557,8059,2.2,1.7,4.1016,2.2,0.5,1.2
559,8059,2.1,1.5,1.6,2.0,,1.2
518,8059,1.8535,1.8521,,1.1969,1.4,1.2
484,8059,2.0,2.0,2.0,,2.1,1.2
563,8059,2.0,1.5,1.4,2.1,1.3,1.2
520,8059,1.8,1.8,1.8,1.8,1.8,1.2
568,8059,2.1543,1.6466,1.6626,1.6271,,1.2
526,8059,1.7971,1.6334,,,,1.2
570,8059,1.8,1.1,1.4024,1.7,1.9,1.2
572,8059,1.9,1.5,1.5,1.5,1.5,1.2
574,8059,2.0386,1.778,1.5,1.9,2.4,1.2
411,8059,1.9938,,1.8964,,1.4112,1.2
577,8059,2.2,1.4,1.2,2.3,2.0,1.2
578,8059,1.4222,1.7,1.532,,,1.2
535,8059,1.4,1.7,1.7,2.1,,1.2
579,8059,1.6,1.4,1.7,1.8,,1.2
421,8059,2.2,2.5,2.5,2.6,2.5,1.2
542,8059,2.3645,2.1464,2.5121,2.6694,2.7,1.2
422,8059,2.0,1.4,1.0,1.8,1.8,1.2
546,8059,1.6,1.6,1.6,1.8,1.8,1.2
426,8059,1.2795,2.8,2.269,2.355,2.3406,1.2
504,8059,-1.205,-0.0549,0.6412,0.6093,,1.2
548,8059,1.7782,1.7782,1.9508,1.3171,1.2803,1.2
428,8059,1.88,1.51,2.0557,1.79,0.48,1.36
549,8059,,,,,,1.2
429,8059,,1.132,1.321,1.365,,1.2
506,8059,1.6386,1.8073,1.9342,1.5218,,1.2338
507,8059,1.6796,,1.7383,1.7383,2.0022,1.2
553,8060,1.5,2.1,1.7,1.8,1.9,-0.5
433,8060,1.6936,1.8,1.7495,1.8291,1.7817,-0.5122
510,8060,1.4,2.7,2.4,2.3,2.3,-0.5
555,8060,1.2,2.0,1.9,2.3,2.3,-0.5
512,8060,2.3,2.3,1.0,1.3,1.2,-0.5
556,8060,0.8757,1.7551,1.5205,1.5751,,-0.5
557,8060,2.3,2.3,2.01,0.9635,2.0,-0.5
559,8060,1.41,2.0,1.6,1.9,2.0,-0.5
518,8060,1.3492,1.3728,1.3775,,1.0932,-0.5
563,8060,1.8,2.2,1.8,1.6,2.1,-0.5
520,8060,1.4,1.9,1.9,1.9,1.8,
568,8060,1.2668,1.9724,1.7369,2.0094,1.7284,-0.5
570,8060,1.1,1.5,1.4,1.3698,1.7,-0.5
572,8060,0.8,1.8,1.6,1.6,1.6,-0.5
574,8060,1.3,1.9446,1.79,1.7,1.9,-0.5
411,8060,0.1,1.4175,,1.388,,-0.5
577,8060,1.5,2.2,1.2,1.3,2.2,-0.5
578,8060,-0.6722,1.6096,1.6,1.6295,,-0.5
579,8060,0.2,1.5,1.0,1.7,1.7,-0.5
580,8060,,1.4045,,,,-0.5
421,8060,1.4,2.5,2.8,2.8,2.2,-0.5
542,8060,0.6563,2.1859,2.2111,2.1817,2.3438,-0.5159
422,8060,-0.5,2.0,1.7,1.0,1.8,-0.5
423,8060,1.49,,,,,-0.5
546,8060,0.6,1.7,1.7,1.7,1.8,-0.5
426,8060,1.1317,2.1385,2.1,2.2558,2.2348,-0.5
504,8060,-2.0178,0.7217,-0.6648,-0.6181,1.5637,-0.5
548,8060,1.52,1.3073,1.3073,1.3148,1.2535,-0.5
428,8060,1.79,2.19,1.77,2.2996,2.03,-0.51
549,8060,0.4,,,,,
429,8060,0.026,,1.373,1.431,1.427,-0.5
506,8060,0.1577,1.1047,1.3658,1.3061,1.4212,-0.52
507,8060,0.2182,1.8578,,1.8578,1.8578,-0.5
433,8061,-2.1,2.605,2.0,1.896,1.8243,-1.9706
510,8061,1.1,1.8,2.3,2.3,2.3,-2.0
555,8061,-0.9983,1.8,2.0,2.0,2.6,-2.0
512,8061,0.23,1.8,1.8,2.5,2.3,-2.0
556,8061,-0.9325,1.994,2.5059,2.0375,,-2.0
557,8061,-0.1,2.4,2.4,2.15,2.1776,-2.0
559,8061,-1.3,1.6289,2.0,1.9,2.0,-2.0
518,8061,-0.7546,1.4639,1.3002,1.2694,,-2.0
484,8061,,1.8,2.1,2.1,2.1,-2.0
563,8061,0.7,2.2,2.4,2.0,2.0,-2.0
520,8061,,1.5,1.8,1.8,1.8,-2.0
568,8061,-0.9866,1.6736,1.9557,1.6707,2.1601,-2.0
570,8061,-0.1335,1.7,1.5,1.5,1.3639,-2.0
572,8061,-3.0,0.8,1.7,1.7,1.7,-2.0
574,8061,1.0098,1.4,2.0142,1.7915,1.9,-2.0
411,8061,-1.7,0.5,0.9924,,1.4218,-2.0
576,8061,,,,1.6,2.8,-2.0
456,8061,0.3,,,,,-2.0
533,8061,,2.0,,,,-2.0
577,8061,1.0,1.9,2.3,1.8,1.6,-2.0
578,8061,-0.6,1.2983,1.5444,1.6,1.7931,-2.0
535,8061,,1.9,2.3,1.9,1.9,-2.0
579,8061,-2.8,1.2,1.9,1.3,1.7,-2.0
580,8061,0.0,,1.3664,,,-2.0
463,8061,,,2.0,1.7,1.9,-2.0
542,8061,-2.1177,1.224,1.6077,1.6102,1.6543,-2.0
422,8061,-3.0,0.5,2.1,1.7,1.0,-2.0
424,8061,,,,,,-2.0
546,8061,-1.2,1.6,1.8,1.8,1.8,-2.0
426,8061,1.3,2.1673,2.1021,2.8,2.2494,-2.0
504,8061,-6.2596,-0.7072,-1.4566,0.0218,-0.0658,-2.0
548,8061,0.71,1.01,1.1599,1.1599,1.3365,-2.0
428,8061,0.55,2.16,2.41,1.99,2.1369,-2.0
549,8061,,1.2,,,,-2.0
429,8061,-1.063,1.067,,1.49,1.536,-2.0
506,8061,-2.66,0.7198,1.538,1.2478,1.3423,-2.0
507,8061,-0.3533,0.6602,0.9246,,0.9246,-2.0
553,8062,,1.4,1.8,2.1,1.8,2.2
433,8062,1.7406,0.7254,2.6866,2.1,1.8931,2.2
510,8062,1.5,1.9,1.9,1.9,1.7,2.2
555,8062,1.9,1.666,2.1,2.0,2.0,2.2
512,8062,2.9,2.9,1.6,1.6,2.0,2.2
557,8062,2.71,1.3,2.52,2.52,2.19,2.2
559,8062,1.3,1.3,1.5602,2.0,2.0,2.2
518,8062,-0.3561,0.8309,1.5013,0.9734,0.9418,2.2
484,8062,1.6,,1.9,2.2,2.2,2.2
563,8062,-0.8,1.2,2.0,2.4,1.9,2.2
520,8062,1.2,,1.7,1.9,1.9,2.2
568,8062,1.3538,2.3056,1.6841,1.9995,1.8822,2.2
570,8062,0.3085,0.5133,1.5,1.5081,1.5,2.2
572,8062,1.6,1.6,1.6,1.7,1.7,2.2
574,8062,1.5,1.5,1.5,2.1278,1.8623,2.2
411,8062,1.8,2.2,1.8,1.4904,,2.2
576,8062,1.6,,,,1.4,2.2
456,8062,1.5,0.2,,,,2.2
533,8062,1.8,,1.5,,,2.2
577,8062,0.4593,1.2,1.8,2.3,1.5,2.2
578,8062,1.7,2.6,1.332,1.5095,1.5,2.2
535,8062,2.2,,2.3,2.3,2.0,2.2
579,8062,2.0,1.5,1.9,1.8,1.5,2.2
581,8062,2.5845,,,,,2.2
463,8062,1.4803,,,2.1,1.9,2.2
542,8062,1.7005,2.1511,1.5507,1.5625,1.5463,2.2
422,8062,2.0,1.0,1.0,2.1,1.7,2.2
424,8062,2.0,,,,,2.2
546,8062,2.3,1.3,1.8,1.8,1.8,2.2
426,8062,-0.935,2.2317,2.2255,2.2558,3.2,2.2
504,8062,-0.9971,0.0985,-0.4131,-1.2566,-0.7011,2.2
548,8062,1.18,1.47,0.82,0.8106,0.8106,2.2
428,8062,2.59,2.07,2.24,2.14,1.92,2.2
549,8062,1.9,,1.9,,,2.2
506,8062,1.082,0.07,1.5096,1.1136,0.9317,2.2
508,8062,,,,,1.8051,2.2
553,8063,2.5,,1.9,1.8,2.2,1.2
433,8063,1.2,2.1617,2.0844,2.3582,2.0,1.227
510,8063,1.3,1.7,1.8,1.8,1.9,1.2
555,8063,2.1,2.0,1.9642,2.2,2.2,1.2
556,8063,,2.1194,2.0627,1.7223,1.7585,1.2
557,8063,2.5226,2.52,1.9,2.5,2.5,1.2
559,8063,1.3,1.8,1.8,1.6532,2.0,1.2
518,8063,0.2093,-0.3262,2.0943,1.6714,1.4776,1.2
484,8063,1.9,1.7,,2.0,2.1,1.2
563,8063,1.3,-0.7,1.0,2.2,2.5,1.2
520,8063,1.7,1.7,,2.0,2.0,1.2
568,8063,1.6576,2.2683,2.0737,1.7427,2.0123,1.2
528,8063,1.8,,,,,1.2
570,8063,1.9247,1.2362,0.6789,1.6,1.4,1.2
572,8063,2.1,1.7,1.7,1.7,1.7,1.2
574,8063,1.6,1.6,1.6,1.6,2.1599,1.2
411,8063,1.8,2.5,1.8,1.8,1.6653,1.2
576,8063,2.4002,1.7,,,,1.2
456,8063,1.7,1.9,0.2,,,1.2
533,8063,2.0,1.6,,1.5,,1.2
578,8063,-0.3,1.4,2.5,1.5765,1.6058,1.2
535,8063,1.6,2.7,,2.4,2.4,1.2
579,8063,1.8,2.3,1.9,1.9,1.9,1.2
421,8063,,,2.0,2.9,2.8,1.2
542,8063,1.8751,2.1117,2.2098,2.4065,2.3963,1.2
422,8063,0.7,1.2,2.0,1.0,2.0,1.2
424,8063,1.8,1.6,,,,1.2
546,8063,1.8,1.6,1.4,1.8,1.9,1.2
426,8063,1.5199,1.0169,2.2685,2.211,2.2022,1.2
504,8063,-2.4253,1.314,0.7814,0.6186,0.6233,1.2
548,8063,1.23,1.23,1.68,1.48,1.2798,1.2
428,8063,-0.27,1.66,1.84,2.7,2.22,1.2
549,8063,1.7,1.8,,2.0,,1.2
429,8063,,1.74,1.426,1.469,,1.2
506,8063,1.0592,1.2212,1.78,1.7404,1.4097,1.2
507,8063,,2.072,1.9349,2.1948,1.9115,1.2
508,8063,2.4101,,,,,1.2
472,8064,1.2,,,,,0.1
553,8064,1.4,2.0,,2.3,1.8,0.1
433,8064,0.738,2.0,2.2879,2.1383,1.9575,0.1277
510,8064,1.6,2.0,1.7,1.7,1.4,0.1
555,8064,0.6,1.9,2.0,1.9777,2.1,0.1
512,8064,,0.6,0.6,0.6,1.9,0.1
556,8064,0.9558,,2.6735,2.6501,1.8856,0.1
557,8064,1.63,1.9012,1.9,1.8,2.5,0.1
518,8064,-0.4673,0.6738,0.2886,1.5287,1.7417,0.1
484,8064,1.9,1.9,1.8,,2.1,0.1
563,8064,1.0,1.1,-0.2,1.4,2.3,0.1
520,8064,1.5,1.9,1.9,,1.9,0.1
568,8064,0.9371,1.9177,2.305,2.0046,1.648,0.1
528,8064,0.6,0.6,,,,0.1
570,8064,0.4364,1.0214,1.117,1.3679,1.8,0.1
572,8064,-0.2,1.8,1.8,1.8,1.8,0.1
574,8064,1.5,1.7,1.7,1.7,1.7,0.1
576,8064,0.9736,1.4249,1.7,,,0.1
456,8064,0.8181,1.2,1.5,0.7,,0.1
533,8064,1.1,1.5,1.8,,1.5,0.1
577,8064,,1.9,1.4986,1.5,2.2,0.1
578,8064,2.2,0.9,1.7,2.0,1.6271,0.1
535,8064,0.7,1.6,2.5,,2.5,0.1
579,8064,0.8,1.1,1.8,1.8,2.0,0.1
421,8064,2.0,,,2.5,2.8,0.1
542,8064,0.8513,1.0553,1.7794,2.0167,2.2548,0.1
422,8064,1.0,0.7,1.3,1.0,1.0,0.1
424,8064,1.0,1.6,1.8,,,0.1
546,8064,1.4,1.7,1.7,1.5,2.0,0.1
426,8064,0.8391,2.8063,1.7043,2.2394,2.2499,0.1
504,8064,-1.7412,2.4715,1.8916,1.7102,1.2795,0.1
548,8064,-0.05,1.09,1.09,1.17,0.94,0.1
549,8064,0.7,1.1,1.6,,1.9,0.1
506,8064,-0.0445,1.4051,1.0847,1.93,1.2504,0.1276
507,8064,0.2302,,1.4991,1.4991,2.3096,0.1
508,8064,-1.9591,1.2308,,,,0.1
472,8065,-0.5,1.5,,,,0.3
553,8065,0.8,2.2,1.9,,2.0,0.3
433,8065,0.1616,1.77,2.0,2.1055,2.0986,0.2807
510,8065,0.2,1.3,1.3,1.0,1.0,0.3
555,8065,0.3,1.6,1.8,2.0,1.9506,0.3
556,8065,0.1671,2.5301,,2.7321,2.7411,0.3
557,8065,0.1,1.82,0.9793,0.98,1.7,0.3
559,8065,,1.4,1.7,2.1,2.1,0.3
518,8065,1.2578,2.0848,1.3961,1.0911,1.9526,0.3
484,8065,1.8,1.8,1.8,1.7,,0.3
563,8065,1.1,1.9,1.8,0.0,1.7,0.3
520,8065,0.7,1.8,1.8,1.8,,0.3
523,8065,,,,3.84,,0.3
568,8065,1.3279,1.8342,1.6531,2.232,1.7524,0.3
570,8065,0.6277,1.5366,2.0783,2.051,1.9322,0.3
572,8065,0.6,1.4,1.8,1.8,1.8,0.3
574,8065,0.4262,1.6,1.8,1.8,1.8,0.3
576,8065,1.3748,1.798,1.6805,1.7,,0.3
456,8065,0.1,1.5111,1.6,1.6,1.6,0.3
533,8065,0.8,1.2,1.8,1.9,,0.3
577,8065,1.456,,2.3,1.7935,1.5,0.3
578,8065,-0.4,2.1,2.5,1.8,1.3,0.3
535,8065,0.0,2.2,2.6,2.6,,0.3
579,8065,-0.6,1.8,1.9,1.8,1.8,0.3
463,8065,,,1.739,1.7675,,0.3
421,8065,-0.1,1.6,,,2.8,0.3
542,8065,-0.5191,1.1226,1.3738,1.4573,2.1087,0.3
422,8065,0.2,1.0,1.1,1.4,1.4,0.3
424,8065,-0.8979,0.8,0.9,1.4,,0.3
546,8065,0.4,1.7,1.7,1.7,1.6,0.3
426,8065,0.6811,1.7889,3.7023,1.8647,2.1,0.3
504,8065,-4.1585,0.151,-0.0673,-0.5418,0.5345,0.3
548,8065,0.38,0.38,1.35,1.35,1.09,0.3
549,8065,0.1,1.3,1.6,1.6,,0.3
429,8065,,1.44,,1.557,1.526,0.3
506,8065,-0.7286,0.3969,0.9109,1.3449,1.97,0.2807
507,8065,0.7974,1.3475,,1.6801,1.6801,0.3
508,8065,0.9,1.4795,1.9087,,,0.3
472,8066,2.5,0.81,1.6,,,1.9
553,8066,1.7,0.8,2.0,2.0,,1.9
433,8066,1.9533,1.996,2.15,2.0,1.9282,1.9381
510,8066,1.0,1.2,1.7,1.7,1.3,1.9
555,8066,1.6,1.9,1.9,2.0,2.0,1.9
512,8066,,1.0,,0.9,0.9,1.9
557,8066,2.02,2.3,1.0,1.1226,1.12,1.9
559,8066,1.945,,1.4,1.8,2.1,1.9
518,8066,0.6153,1.1819,1.9034,1.2886,1.6574,1.9
484,8066,1.9,1.9,1.9,1.9,1.8,1.9
563,8066,0.7,1.1,1.8,1.7,0.0,1.9
520,8066,1.7,1.7,1.9,1.9,1.9,1.9
523,8066,0.59,,,,3.93,1.9
568,8066,1.1682,1.9244,1.9349,1.7885,1.8894,1.9
528,8066,,2.2234,2.2,2.7,,1.9
570,8066,0.6014,0.8585,1.6156,2.3047,2.2397,1.9
572,8066,1.8,1.8,1.8,1.8,1.8,1.9
574,8066,0.8677,1.1051,1.7,1.9,1.9,1.9
411,8066,,,2.1,1.9,1.8,1.9
576,8066,1.0767,1.8365,1.552,1.6027,1.7,1.9
456,8066,1.6,1.6,1.7512,1.7,1.6,1.9
578,8066,2.3,1.8,2.1,1.8,1.9,1.9
535,8066,1.9,2.1,2.5,2.8,2.8,1.9
463,8066,2.5,,,1.7889,1.6896,1.9
421,8066,1.6,1.6,2.2,,,1.9
542,8066,1.0602,1.8402,1.8765,2.1103,1.8815,1.9
422,8066,1.5,1.0,1.1,1.2,1.4,1.9
424,8066,1.6766,1.0025,1.1,1.2,1.7,1.9
546,8066,1.7,1.5,1.8,1.8,1.8,1.9
426,8066,-0.4145,0.6635,2.2113,3.3402,2.0921,1.9
504,8066,0.9861,1.8718,0.6767,0.168,4.2041,1.9
548,8066,1.37,1.82,1.82,2.21,2.19,1.9
549,8066,1.6,1.4,1.9,1.7,1.7,1.9
506,8066,1.3747,0.8702,1.8465,1.7003,2.2068,1.9381
507,8066,1.703,2.2053,1.7939,,1.7939,1.9
508,8066,0.7,1.1178,1.1178,1.9572,,1.9
472,8067,2.2,2.1,1.74,1.8,,1.4
553,8067,1.8,1.8,1.1,2.1,2.0,1.4
433,8067,1.0749,2.3142,1.7019,1.5,2.0,1.5
510,8067,1.0,1.9,1.7,1.8,1.8,1.4
555,8067,1.4,2.0,2.3,2.1,2.1,1.4
512,8067,0.1,,1.3,,1.2,1.4
556,8067,,1.738,1.8164,1.6663,,1.4
557,8067,1.7155,2.14,2.15,1.12,1.78,1.4
559,8067,1.9807,1.9,,1.6,1.8,1.4
518,8067,0.7757,1.448,1.3599,1.9413,1.5132,1.4
484,8067,2.0,2.0,2.0,2.0,2.0,1.4
563,8067,1.7,1.0,1.2,1.7,1.7,1.4
568,8067,1.0777,2.1999,1.9519,1.6389,1.8178,1.4
570,8067,2.6302,2.1497,1.3006,1.7624,1.7307,1.4
572,8067,1.9,1.9,1.9,1.9,1.9,1.4
574,8067,1.9928,1.1677,1.4051,1.8,2.0,1.4
411,8067,1.5,,,1.9,1.9,1.4
576,8067,1.952,1.7078,1.4625,1.6142,1.6156,1.4
456,8067,1.7,2.0,1.9,1.8746,1.8,1.4
577,8067,,1.8765,1.6578,,2.3,1.4
578,8067,1.1028,1.8,1.9,2.1,2.0,1.4
535,8067,1.4,2.5,2.6,2.6,2.9,1.4
463,8067,0.3112,2.2,,,1.8838,1.4
421,8067,2.2,2.2,2.2,3.0,,1.4
422,8067,1.5,1.55,2.0,1.2,1.2,1.4
424,8067,1.0,1.5718,0.7661,1.5,1.7,1.4
546,8067,1.5,1.8,1.7,1.8,1.8,1.4
426,8067,1.1071,1.9893,1.9746,3.5383,4.0207,1.4
504,8067,-1.4941,0.7714,3.2559,2.7058,2.1218,1.4
548,8067,0.72,0.72,2.73,2.73,2.13,1.4
549,8067,0.9,2.0,1.8,1.9,1.8,1.4
429,8067,,1.53,,1.658,,1.4
506,8067,1.2551,0.7288,1.6375,2.7571,1.9547,1.4483
507,8067,0.3378,1.6477,1.6477,1.5254,,1.4
508,8067,2.3,1.1,1.3,0.7724,1.9481,1.4
472,8068,1.7,1.7,1.7,1.79,1.8,2.2
553,8068,1.8,1.9,1.8,1.8,2.1,2.2
433,8068,2.0,2.1572,2.0031,2.1367,1.65,2.1594
510,8068,1.2,1.9,2.1,2.0,2.0,2.2
555,8068,2.3,1.9,1.8,2.2,2.0,2.2
512,8068,2.1,2.1,,2.0,,2.2
556,8068,2.1686,,1.8151,1.8956,1.7212,2.2
557,8068,1.957,1.4181,1.43,1.43,1.77,2.2
518,8068,1.5132,1.1545,2.3538,1.9509,1.8743,2.2
484,8068,1.9,1.9,1.9,1.9,1.9,2.2
563,8068,1.3,1.4,1.0,1.5,2.1,2.2
523,8068,,2.33,1.08,,,2.2
568,8068,2.2527,1.7366,1.9515,2.0224,1.6706,2.2
570,8068,1.2989,2.2834,2.1152,1.5782,1.9329,2.2
572,8068,2.0,2.0,2.0,2.0,2.0,2.2
574,8068,1.6889,1.9877,1.3677,1.6051,1.9,2.2
411,8068,2.8,1.4,,,1.9,2.2
576,8068,1.2823,1.5086,1.5498,1.4572,1.5881,2.2
456,8068,2.0,1.6,2.1,2.0,1.9561,2.2
577,8068,1.4552,,1.9049,2.0352,,2.2
578,8068,1.9,1.9512,1.8,1.7,2.1,2.1593
535,8068,3.0,2.5,2.7,2.7,2.8,2.2
579,8068,,,1.7,1.9,1.9,2.2
583,8068,1.8,,,,,2.2
463,8068,3.2,0.446,1.7,,,2.2
421,8068,2.5,3.0,3.0,3.0,2.6,2.2
542,8068,,1.8349,1.8376,1.6786,1.6786,2.2
422,8068,1.5,1.55,1.6,1.4,1.2,2.2
424,8068,3.0711,2.3,2.2951,1.158,1.9,2.2
546,8068,2.6,2.0,2.0,1.8,1.9,2.2
426,8068,0.342,1.9507,1.9652,2.1285,2.2145,2.2
504,8068,0.8771,2.7436,2.2222,4.2615,5.5068,2.2
548,8068,2.28,2.36,2.36,2.27,2.27,2.2
549,8068,2.3,1.8,2.0,1.8,1.8,2.2
429,8068,1.3954,,1.634,,1.667,2.2
506,8068,2.1594,2.014,2.3748,2.5763,2.3009,2.1593
508,8068,2.636,1.6379,1.2,1.4,1.7747,2.2
433,8069,1.9302,2.0,2.5426,2.4,2.0235,2.4
510,8069,1.4,1.9,1.9,2.1,2.1,2.4
555,8069,1.9,2.1,2.1,2.0,1.9,2.4
512,8069,1.8,1.8,1.8,,1.8,2.4
556,8069,2.3628,1.937,,2.4619,2.2874,2.4
557,8069,2.11,1.626,1.3051,1.62,1.64,2.4
559,8069,,1.8,1.7549,1.9,,2.4
518,8069,1.8,1.778,1.6012,0.8051,1.7936,2.4
484,8069,2.0,2.1,2.0,2.0,2.0,2.4
563,8069,2.3,1.7,1.8,1.1,1.4,2.4
568,8069,1.8553,1.552,1.5842,2.006,1.898,2.4
570,8069,3.2121,1.8531,2.6,2.7787,2.4048,2.4
572,8069,1.7,2.0,2.0,2.0,2.0,2.4
574,8069,2.1068,2.0128,2.0613,1.4677,1.7051,2.4
411,8069,1.5,1.4,1.9,,,2.4
576,8069,1.8893,1.6233,1.5888,1.5795,1.8149,2.4
456,8069,2.5808,1.6,2.0,2.2,2.1,2.4
578,8069,2.0247,1.5,1.6482,1.7,1.8,2.4
535,8069,2.0,2.8,2.8,2.9,2.9,2.4
579,8069,2.0,,,1.8,1.8,2.4
583,8069,2.5,2.0,,,,2.4
463,8069,2.5,2.0,0.4709,1.8,,2.4
421,8069,2.8,2.7,2.6,2.6,2.6,2.4
422,8069,2.1,1.6,1.6,1.65,1.2,2.4
424,8069,1.8821,1.589,1.6,1.6952,1.1492,2.4
546,8069,2.0,2.0,2.0,2.0,1.8,2.4
426,8069,0.7241,2.3187,2.1907,2.5177,2.6598,2.4
504,8069,0.0616,0.3551,0.7907,0.5763,1.4968,2.4
548,8069,1.95,1.77,1.31,1.31,1.37,2.4
549,8069,1.9,1.8,1.7,1.8,1.7,2.4
429,8069,1.7891,1.6258,,1.679,,2.4
507,8069,,1.6579,1.8141,1.6347,1.6347,2.4
508,8069,1.6989,1.8627,1.9822,1.6,1.7,2.4
472,8070,,1.98,1.92,1.7,1.7,0.3
553,8070,,2.1,2.0,1.9,1.9,0.3
433,8070,0.88,1.9504,1.7311,2.0047,2.1267,0.2855
510,8070,1.8,2.6,2.6,2.6,2.8,0.3
555,8070,1.0,2.0,2.1,2.1,2.0,0.3
512,8070,1.5,1.5,1.5,2.2,,0.3
556,8070,1.0185,1.9042,1.9427,,1.8212,0.3
557,8070,1.2059,1.63,1.2124,1.4836,1.21,0.3
518,8070,1.3632,1.6,1.7383,1.8118,1.7732,0.3
484,8070,2.1,2.1,2.1,2.1,2.1,0.3
563,8070,2.2,2.0,1.8,1.8,1.3,0.3
568,8070,0.5715,1.9876,1.7821,1.6751,1.897,0.3
570,8070,2.0312,2.0479,1.7727,2.0568,2.0151,0.3
572,8070,2.1,2.1,2.0,2.0,2.0,0.7
574,8070,2.1056,2.0691,2.0016,2.0623,1.5677,0.2819
411,8070,0.6,1.4,2.0,2.0,,0.3
576,8070,1.6876,1.5201,1.5546,1.5655,1.5646,0.3
456,8070,1.1026,2.2092,2.0,2.0,2.0,0.3
577,8070,,1.8231,1.6065,,2.1071,0.3
535,8070,0.8,2.6,3.0,3.0,3.0,0.3
579,8070,1.6,2.0,,,2.0,0.3
583,8070,2.2,2.4,1.9,,,0.3
463,8070,0.9,1.8,1.9,0.4701,1.9,0.3
421,8070,2.3,2.6,2.5,2.5,2.5,0.3
542,8070,,1.9267,,1.9422,1.9525,0.3
422,8070,2.1,2.5,1.7,1.65,1.7,0.3
546,8070,1.2,2.0,2.0,2.0,2.0,0.3
426,8070,0.8607,2.6831,1.6991,2.7469,2.1883,0.3
504,8070,-0.5,-0.3161,0.1919,0.1677,0.1063,0.3
548,8070,1.17,2.0,2.02,2.11,2.11,0.3
549,8070,0.6,2.0,1.9,2.0,2.1,0.3
506,8070,,1.4141,1.8031,1.9665,2.1352,0.2819
507,8070,0.6566,,1.8398,1.7975,1.8808,0.3
508,8070,1.1,2.0776,1.8308,1.9791,1.9,0.3
472,8071,2.05,,1.88,1.85,1.7,1.5
553,8071,1.0,,2.0,2.0,2.0,1.5
433,8071,0.85,1.75,2.0203,1.9035,1.6917,1.5012
510,8071,1.1,2.0,2.0,2.0,1.9,1.5
555,8071,1.4,1.9,2.0,1.9,2.0,1.5
512,8071,2.1,1.6,1.6,1.6,1.2,1.5
556,8071,1.5538,1.6346,1.5149,2.012,,1.5
557,8071,1.4237,1.5541,1.92,1.6818,1.6905,1.5
559,8071,,1.6,,1.8,1.9746,1.5
518,8071,1.451,1.5857,1.6,1.779,1.9941,1.5
484,8071,2.2,2.2,2.2,2.2,2.2,1.5
563,8071,1.0,2.2,2.2,1.8,1.8,1.5
568,8071,0.672,1.8182,2.0302,1.7512,1.7051,1.5
570,8071,0.9321,1.9368,1.9558,1.8303,1.5301,1.5
572,8071,1.9,2.1,1.9,2.1,2.1,1.5
574,8071,1.9239,2.1338,2.0882,2.0538,2.151,1.5
411,8071,1.4,1.4,2.0,2.0,2.1,1.5
576,8071,0.7915,1.5455,1.5711,1.5598,1.5626,1.5
456,8071,1.3645,2.2458,2.0123,2.0,2.0,1.5
578,8071,,1.4,2.6197,2.1,2.0822,1.5
535,8071,2.2,2.4,3.0,3.0,3.0,1.5
579,8071,1.3622,1.5,2.1,,,1.5
583,8071,1.9,2.1,2.4,2.1,,1.5
584,8071,2.112,,,,,1.5
421,8071,1.9,2.5,2.5,2.7,2.7,1.5
542,8071,0.8218,,1.9802,,2.0134,1.5
422,8071,1.7,2.2,2.5,2.0,1.7,1.5
424,8071,,2.0845,1.6095,1.6483,2.3,1.5
546,8071,1.5,2.1,2.1,2.1,2.1,1.5
504,8071,1.4,1.8,1.8881,2.0384,1.7641,1.5
548,8071,1.97,1.44,2.14,1.74,2.04,1.5
549,8071,1.4,2.1,2.0,1.8,1.8,1.5
429,8071,,1.6892,1.6427,1.68,,1.5
507,8071,1.6221,2.0794,,1.7762,1.692,1.5
508,8071,1.9777,2.0,1.9291,1.8167,2.0428,1.5
472,8072,1.84,2.06,,1.85,1.85,2.8
553,8072,1.5,1.9,,2.1,2.0,2.8
433,8072,2.9702,1.61,1.75,2.1,1.8,2.8
510,8072,0.8,2.8,3.0,3.0,3.0,2.8
555,8072,2.2,2.3,2.0,2.1,1.9,2.8
556,8072,2.9621,2.2643,1.8029,1.6251,2.0506,2.8
557,8072,1.6972,1.4405,1.5214,1.99,1.9991,2.8
559,8072,1.5506,,1.7,,1.9,2.8
518,8072,1.4649,1.3346,1.1494,1.4,1.5665,2.8
484,8072,2.1,2.1,2.1,2.1,2.1,2.8
563,8072,1.9,1.7,2.4,2.3,1.9,2.8
446,8072,1.9,,,,,2.8
568,8072,1.4501,1.8842,2.2219,2.2455,2.0592,2.8
570,8072,1.6222,1.759,1.6986,2.1516,2.0035,2.8
572,8072,2.0,1.9,2.1,1.9,2.1,2.7502
574,8072,1.7495,1.8546,2.1862,2.1293,2.1393,2.8
411,8072,1.9,2.0,2.0,1.9,2.0,2.8
576,8072,1.8842,1.7377,1.5629,1.5563,1.5519,2.8
456,8072,2.6887,2.0924,2.1001,1.9796,2.0,2.8
578,8072,1.4,,1.6,2.2778,1.8,2.8
535,8072,2.6,2.6,2.7,3.0,3.0,2.8
579,8072,2.5853,2.0726,1.5,2.0,,2.8
583,8072,1.9,1.9,1.9,2.7,1.9,2.8
584,8072,1.5159,2.3041,,,,2.8
421,8072,2.2,2.2,2.7,2.7,2.6,2.8
422,8072,1.7,1.7,2.2,2.5,2.2,2.8
424,8072,2.1572,,2.7685,2.7214,2.8288,2.8
546,8072,2.7,2.0,2.2,2.1,2.1,2.8
504,8072,2.6,3.1,3.0,3.3465,3.5425,2.8
548,8072,1.76,1.46,1.61,1.87,1.73,2.8
428,8072,1.75,,,,,2.75
549,8072,2.6,2.3,2.4,2.2,2.0,2.8
508,8072,1.5777,1.997,2.0,1.9233,1.8558,2.8
472,8073,2.43,2.21,1.91,,1.78,2.7
553,8073,1.5,1.4,2.1,,2.1,2.7
433,8073,2.36,1.6101,1.89,1.8545,2.4,2.7
510,8073,1.3,1.8,1.9,2.1,2.1,2.7
555,8073,3.0,1.7,2.3,2.1,2.3,2.7
556,8073,2.2459,2.5733,2.7518,2.5129,2.3255,2.7
557,8073,3.094,1.745,1.6005,1.5675,1.82,2.7
518,8073,1.1866,1.3693,1.0714,1.1362,1.4,2.7
484,8073,2.1,2.1,2.1,2.1,2.1,2.7
563,8073,2.2,1.5,1.4,2.5,2.3,2.7
446,8073,2.0,1.3,,,,2.7
568,8073,1.529,1.4265,2.1057,2.2233,2.2468,2.7
570,8073,1.7281,1.4586,1.69,1.5965,1.9631,2.7
572,8073,1.9,1.9,1.9,2.1,1.9,2.7
574,8073,2.082,1.8004,1.9318,2.3538,2.2984,2.7
411,8073,2.0,1.3,1.8,1.9,1.9,2.7
576,8073,1.6987,1.4564,1.4926,1.5529,1.5513,2.7
578,8073,2.39,1.8,,1.6,2.0758,2.7
535,8073,2.7,2.6,2.8,2.8,3.0,2.7
579,8073,2.4274,2.3903,1.8443,1.4,1.8674,2.7
583,8073,2.0,2.0,2.0,2.3,2.9,2.7
584,8073,2.7094,1.7921,2.3629,,,2.7
421,8073,2.8,2.6,2.5,2.8,2.8,2.7
422,8073,1.8,1.8,1.7,2.2,2.7,2.7
424,8073,2.4,1.6794,,2.7275,2.0338,2.7
546,8073,2.1,2.0,2.0,2.2,2.2,2.7
426,8073,,,3.1896,3.171,3.1949,2.7
504,8073,3.4,1.0,2.2,2.0,1.5968,2.7172
548,8073,1.74,1.68,1.31,1.49,1.77,2.7
549,8073,2.1,2.2,2.5,2.4,2.1,2.7
429,8073,,1.1545,,1.8853,1.7421,2.7
508,8073,1.1261,1.661,1.9421,1.9,1.9066,2.7
472,8074,2.18,1.89,1.84,1.92,,1.8
553,8074,2.3,2.1,1.7,2.1,,1.8
433,8074,1.699,2.17,1.5598,1.68,2.3502,1.8
510,8074,1.3,1.9,1.9,1.9,2.0,1.8
555,8074,2.0,1.9,1.7,2.2,2.1,1.8
557,8074,1.5072,2.3923,1.7879,1.7197,1.7116,1.8
559,8074,,1.2173,1.8208,,2.0,1.8
518,8074,2.1908,1.3619,1.739,1.3235,1.7312,1.8
484,8074,2.3,1.9,2.1,2.1,2.1,1.8
563,8074,2.8,2.6,1.9,1.5,2.5,1.8
568,8074,1.3622,1.5005,2.008,2.178,2.2249,1.8
570,8074,2.0043,1.5704,1.6841,1.7074,1.7405,1.8
572,8074,2.0,1.8,1.8,1.9,2.0,1.8
574,8074,2.3224,2.282,1.746,1.9102,2.3948,1.8
411,8074,1.8,1.0,1.5,1.8,1.8,1.8
576,8074,1.8352,1.501,1.5597,1.5467,1.5476,1.8
456,8074,,2.0,1.8115,1.9254,1.9725,1.8
577,8074,,,,1.5,,1.8
578,8074,1.7451,1.47,2.0,,1.8,1.8
535,8074,2.0,2.6,2.5,2.9,2.9,1.8
579,8074,2.2785,1.4867,1.9369,1.9838,1.8,1.8
583,8074,2.1,2.1,2.1,2.1,2.1,1.8
584,8074,2.1072,2.6569,1.975,2.3559,,1.8
421,8074,3.0,3.0,2.8,2.6,2.5,1.8
422,8074,2.2,1.8,1.9,1.8,2.3,1.8
424,8074,1.7467,0.7,0.7293,,1.3912,1.8441
546,8074,1.8,2.0,2.0,2.1,2.3,1.8
426,8074,2.2438,,,2.5345,2.5416,1.8
504,8074,0.7582,-1.2,-0.2,-0.2,0.8,1.8
428,8074,,2.83,2.68,,,1.8
549,8074,1.7,2.0,2.1,2.2,2.1,1.8
507,8074,,,1.5102,1.5102,1.5102,1.8
508,8074,1.1995,1.1995,1.6885,1.8197,1.8,1.8
